Source,Age,NCIY,Date,freq
STAT,0to14,0,1972,144769.87868898755
STAT,0to14,0,1973,144741.8623887737
STAT,0to14,0,1970,144825.89685952826
STAT,0to14,0,1971,144797.8893761017
STAT,15to49,0,1980,307066.06296132243
STAT,15to49,0,1982,306947.2079075633
STAT,15to49,0,1981,307006.6398871155
SIM,15to49,1,2011,19264
STAT,0to14,0,1965,144965.9981047855
STAT,15to49,0,1988,306590.4228284706
SIM,15to49,1,2010,19288
STAT,0to14,0,1966,144937.95677210082
STAT,15to49,0,1987,306649.90447999974
SIM,15to49,1,2013,19248
STAT,0to14,0,1963,145022.1385930267
SIM,15to49,1,2012,19300
STAT,15to49,0,1989,306530.9410239456
STAT,0to14,0,1964,144994.0577458195
SIM,15to49,1,2015,56
STAT,0to14,0,1969,144853.90399180786
STAT,15to49,0,1984,306828.3145048666
SIM,15to49,1,2014,19285
STAT,15to49,0,1983,306887.765997128
STAT,0to14,0,1967,144909.93033609306
STAT,15to49,0,1986,306709.3825187386
STAT,0to14,0,1968,144881.91402774912
STAT,15to49,0,1985,306768.85304487764
STAT,0to14,0,1980,144545.5654995178
STAT,0to14,0,1983,144461.4118840884
STAT,0to14,0,1984,144433.37310242635
STAT,0to14,0,1981,144517.51043961142
STAT,0to14,0,1982,144489.45839877377
STAT,15to49,0,1991,306411.99168204755
STAT,15to49,0,1990,306471.4625229009
STAT,15to49,0,1993,306293.09019957535
STAT,15to49,0,1992,306352.53313434677
STAT,15to49,0,1999,305936.89031633415
STAT,0to14,0,1976,144657.77066954484
STAT,15to49,0,1998,305996.1962076226
STAT,0to14,0,1977,144629.7257351561
STAT,0to14,0,1974,144713.83927071825
STAT,0to14,0,1975,144685.80871840558
STAT,15to49,0,1995,306174.2617248776
STAT,15to49,0,1994,306233.6654776075
STAT,15to49,0,1997,306055.5263258422
STAT,0to14,0,1978,144601.67527971743
STAT,15to49,0,1996,306114.8813759985
STAT,0to14,0,1979,144573.62119153852
STAT,0to14,0,1990,144265.3820699625
STAT,0to14,0,1991,144237.42866840962
STAT,0to14,0,1994,144153.63446028566
STAT,15to49,0,1969,307720.75414299645
STAT,0to14,0,1995,144125.72066592364
STAT,0to14,0,1992,144209.48707758394
STAT,0to14,0,1993,144181.5561260728
STAT,15to49,0,1960,308259.489656754
STAT,15to49,0,1966,307900.1117867429
STAT,0to14,0,1987,144349.3200834922
STAT,15to49,0,1965,307959.9840874553
STAT,0to14,0,1988,144321.32743862612
STAT,15to49,0,1968,307780.49980210414
STAT,0to14,0,1985,144405.3438993594
STAT,15to49,0,1967,307840.28586100443
STAT,0to14,0,1986,144377.32583223446
STAT,15to49,0,1962,308139.68064988754
STAT,15to49,0,1961,308199.5850976342
STAT,15to49,0,1964,308019.87654135836
STAT,0to14,0,1989,144293.3481542481
STAT,15to49,0,1963,308079.7791199871
SIM,15to49,1,2008,19278
SIM,15to49,1,2007,19312
STAT,15to49,0,1971,307601.40530902124
SIM,15to49,1,2009,19302
STAT,15to49,0,1970,307661.05481517734
SIM,15to49,1,2000,19312
STAT,15to49,0,1977,307244.3348548687
STAT,0to14,0,1998,144042.01221576822
STAT,15to49,0,1976,307303.7752722471
STAT,0to14,0,1999,144014.11604729644
SIM,15to49,1,2002,19307
STAT,15to49,0,1979,307125.48306313466
STAT,0to14,0,1996,144097.81329792002
SIM,15to49,1,2001,19338
STAT,15to49,0,1978,307184.9052850174
STAT,0to14,0,1997,144069.91092897943
SIM,15to49,1,2004,19320
STAT,15to49,0,1973,307482.24642343464
SIM,15to49,1,2003,19298
STAT,15to49,0,1972,307541.8066277141
SIM,15to49,1,2006,19300
STAT,15to49,0,1975,307363.23462553264
SIM,15to49,1,2005,19308
STAT,15to49,0,1974,307422.7232113676
STAT,15to49,0,1948,308975.440161042
STAT,15to49,0,1947,309035.0758561382
STAT,15to49,0,1949,308915.8660529895
STAT,15to49,0,1944,309214.3573664229
STAT,15to49,0,1943,309274.3370157486
STAT,15to49,0,1946,309094.7615166669
STAT,15to49,0,1945,309154.4856524525
STAT,15to49,0,1940,309454.76416072296
STAT,15to49,0,1942,309334.3959454639
STAT,15to49,0,1941,309394.4975512814
STAT,15to49,0,1959,308319.35093210597
STAT,15to49,0,1958,308379.1683164315
STAT,15to49,0,1955,308558.39510567515
STAT,15to49,0,1954,308618.0479236007
STAT,15to49,0,1957,308438.9446345543
STAT,15to49,0,1956,308498.690233437
STAT,15to49,0,1951,308796.7925397069
STAT,15to49,0,1950,308856.323836182
STAT,15to49,0,1953,308677.65787910705
STAT,15to49,0,1952,308737.2405233689
STAT,15to49,0,1929,310119.1935322373
STAT,15to49,0,1926,310298.3392751092
STAT,15to49,0,1925,310358.14625818667
STAT,15to49,0,1928,310178.87470224773
STAT,15to49,0,1927,310238.4817546722
STAT,15to49,0,1922,310535.8819356225
STAT,15to49,0,1921,310595.38056982466
STAT,15to49,0,1924,310417.26538123586
STAT,15to49,0,1923,310476.5429999512
STAT,15to49,0,1920,310655.0027634498
STAT,15to49,0,1937,309636.2027987037
STAT,15to49,0,1936,309696.66949930065
STAT,15to49,0,1939,309515.2086399632
STAT,15to49,0,1938,309575.69788811
STAT,15to49,0,1933,309878.43041041726
STAT,15to49,0,1932,309938.7215093637
STAT,15to49,0,1935,309757.3203858014
STAT,15to49,0,1934,309817.94385537907
STAT,15to49,0,1931,309998.9776691355
STAT,15to49,0,1930,310059.3744957442
STAT,15to49,1,1885,19828.357325095294
SIM,50+,1,1919,1
STAT,15to49,1,1886,19824.07174850469
STAT,15to49,1,1883,19835.757461989397
STAT,15to49,1,1884,19832.180310893556
STAT,15to49,1,1889,19812.510222062738
STAT,15to49,1,1887,19820.313575014807
STAT,15to49,1,1888,19816.439464040177
SIM,50+,1,1911,1
SIM,50+,0,1854,258645
SIM,50+,0,1855,259316
SIM,50+,0,1856,259268
STAT,15to49,1,1881,19843.00550545841
SIM,50+,0,1857,259216
STAT,15to49,1,1882,19839.20140913105
SIM,50+,0,1858,259158
SIM,50+,0,1859,259088
STAT,15to49,1,1880,19847.231285397942
SIM,0to14,0,2010,143202
SIM,0to14,0,2011,143184
SIM,50+,0,1860,259054
SIM,0to14,0,2012,143143
SIM,50+,0,1861,258990
SIM,0to14,0,2013,143124
SIM,50+,0,1862,258932
SIM,0to14,0,2014,143088
STAT,15to49,1,1896,19784.323260453708
STAT,15to49,1,1897,19780.444762640764
STAT,15to49,1,1894,19792.271348046932
STAT,15to49,1,1895,19788.175142556986
STAT,15to49,1,1898,19776.538027124458
STAT,15to49,1,1899,19772.694658069493
SIM,50+,0,1863,258881
SIM,0to14,0,2015,499
SIM,50+,0,1864,258822
SIM,50+,0,1865,258777
SIM,50+,0,1866,258722
SIM,50+,0,1867,258662
STAT,15to49,1,1892,19800.242906592517
SIM,50+,0,1868,258606
STAT,15to49,1,1893,19796.28511334449
SIM,50+,0,1869,258545
STAT,15to49,1,1890,19808.295823339336
STAT,15to49,1,1891,19804.125581584747
SIM,50+,1,1947,1
SIM,15to49,0,1858,322177
SIM,15to49,0,1859,322096
SIM,15to49,0,1854,321517
SIM,15to49,0,1855,322397
SIM,50+,1,1940,2
SIM,15to49,0,1856,322290
SIM,15to49,0,1857,322220
SIM,50+,1,1942,1
STAT,50+,0,2009,238219.9450767744
SIM,15to49,0,1861,321966
SIM,15to49,0,1862,321863
SIM,15to49,0,1863,321803
SIM,15to49,0,1864,321761
STAT,50+,0,2011,238127.6194875319
STAT,50+,0,2010,238173.77314239967
SIM,15to49,0,1860,322017
SIM,15to49,0,1869,321401
STAT,50+,0,2015,237943.1622979862
STAT,50+,0,2014,237989.25632711142
STAT,50+,0,2013,238035.36268071234
STAT,50+,0,2012,238081.48313903867
SIM,15to49,0,1865,321673
SIM,15to49,0,1866,321606
SIM,15to49,0,1867,321530
SIM,50+,1,1952,1
SIM,15to49,0,1868,321485
STAT,50+,0,2016,237897.07878513465
SIM,15to49,0,1872,321175
SIM,15to49,0,1873,321110
SIM,15to49,0,1874,321079
SIM,15to49,0,1875,320970
SIM,15to49,0,1870,321331
SIM,15to49,0,1871,321283
SIM,50+,1,1967,1
SIM,15to49,0,1876,320919
SIM,15to49,0,1877,320831
SIM,15to49,0,1878,320802
SIM,15to49,0,1879,320720
STAT,0to14,0,2001,143958.32812825596
STAT,0to14,0,2002,143930.43536715434
STAT,0to14,0,2000,143986.221561541
SIM,0to14,0,2000,143520
STAT,0to14,0,2005,143846.76131371592
SIM,0to14,0,2001,143478
STAT,0to14,0,2006,143818.8726714347
SIM,0to14,0,2002,143454
STAT,0to14,0,2003,143902.54315543332
SIM,0to14,0,2003,143423
STAT,0to14,0,2004,143874.65166928203
SIM,15to49,0,1883,320465
SIM,15to49,0,1884,320382
SIM,15to49,0,1885,320331
SIM,15to49,0,1886,320240
SIM,15to49,0,1880,320648
SIM,15to49,0,1881,320568
SIM,15to49,0,1882,320498
SIM,0to14,0,2004,143388
SIM,0to14,0,2005,143361
SIM,0to14,0,2006,143340
SIM,0to14,0,2007,143294
SIM,0to14,0,2008,143260
SIM,15to49,0,1887,320147
SIM,0to14,0,2009,143229
SIM,15to49,0,1888,320102
SIM,15to49,0,1889,320043
SIM,50+,1,1975,1
STAT,0to14,0,2012,143651.62219945408
STAT,0to14,0,2013,143623.768391805
STAT,0to14,0,2010,143707.35110503822
STAT,0to14,0,2011,143679.48331915692
STAT,0to14,0,2016,143540.25500171952
STAT,0to14,0,2017,9664.988719155926
STAT,0to14,0,2014,143595.92239430224
STAT,0to14,0,2015,143568.08454020476
SIM,15to49,0,1894,319690
SIM,15to49,0,1895,319616
SIM,15to49,0,1896,319550
SIM,15to49,0,1897,319507
SIM,15to49,0,1890,319967
STAT,50+,0,2000,238636.2409568351
SIM,15to49,0,1891,319891
SIM,15to49,0,1892,319837
SIM,15to49,0,1893,319737
STAT,50+,0,2004,238451.08169816894
STAT,0to14,0,2009,143735.22479514935
STAT,50+,0,2003,238497.35718990295
STAT,50+,0,2002,238543.6442294391
STAT,0to14,0,2007,143790.98647194286
STAT,50+,0,2001,238589.94004557168
STAT,0to14,0,2008,143763.10354728228
SIM,15to49,0,1898,319417
SIM,50+,1,1983,1
STAT,50+,0,2008,238266.13582794357
SIM,15to49,0,1899,319333
STAT,50+,0,2007,238312.34558206625
STAT,50+,0,2006,238358.57406165355
STAT,50+,0,2005,238404.81997153614
STAT,15to49,1,1926,19669.900526149475
STAT,15to49,1,1927,19666.101329741246
STAT,15to49,1,1924,19677.554573752717
STAT,15to49,1,1925,19673.71641084458
STAT,15to49,1,1928,19662.308017526968
STAT,15to49,1,1929,19658.524335072812
SIM,15to49,1,1964,19465
SIM,15to49,1,1963,19490
SIM,15to49,1,1966,19458
SIM,15to49,1,1965,19481
SIM,15to49,1,1968,19458
STAT,15to49,1,1922,19685.26097746836
SIM,15to49,1,1967,19472
STAT,15to49,1,1923,19681.404777447406
STAT,15to49,1,1920,19693.01313427031
SIM,15to49,1,1969,19466
STAT,15to49,1,1921,19689.12178463699
SIM,15to49,1,1960,19498
SIM,15to49,1,1962,19489
SIM,15to49,1,1961,19489
STAT,15to49,1,1937,19628.368969015402
STAT,15to49,1,1938,19624.581233298886
STAT,15to49,1,1935,19635.922462624385
STAT,15to49,1,1936,19632.149857869088
STAT,15to49,1,1939,19620.787079343674
SIM,15to49,1,1975,19434
SIM,15to49,1,1974,19453
STAT,15to49,1,1930,19654.749805536274
SIM,15to49,1,1977,19422
SIM,15to49,1,1976,19408
SIM,15to49,1,1979,19398
STAT,15to49,1,1933,19643.457359552816
SIM,15to49,1,1978,19433
STAT,15to49,1,1934,19639.691322647417
STAT,15to49,1,1931,19650.98626702493
STAT,15to49,1,1932,19647.22302627765
SIM,15to49,1,1971,19440
SIM,15to49,1,1970,19454
SIM,15to49,1,1973,19430
SIM,15to49,1,1972,19450
SIM,15to49,1,1939,19565
STAT,15to49,1,1948,19586.4208629087
SIM,15to49,1,1938,19593
STAT,15to49,1,1949,19582.603047829485
STAT,15to49,1,1946,19594.065744839845
STAT,15to49,1,1947,19590.2416046469
SIM,15to49,1,1942,19519
STAT,15to49,1,1940,19616.984916638445
STAT,15to49,0,2014,305049.0476049877
SIM,15to49,1,1941,19617
STAT,15to49,1,1941,19613.17452173136
STAT,15to49,0,2015,304989.9091609385
SIM,15to49,1,1944,19557
STAT,15to49,0,2012,305167.33930334914
SIM,15to49,1,1943,19597
STAT,15to49,0,2013,305108.19130637136
SIM,15to49,1,1946,19546
STAT,15to49,1,1944,19601.7182248345
STAT,15to49,0,2010,305285.64547802095
SIM,15to49,1,1945,19537
STAT,15to49,1,1945,19597.89291666987
STAT,15to49,0,2011,305226.4908061747
SIM,15to49,1,1948,19524
STAT,15to49,1,1942,19609.359196173944
SIM,15to49,1,1947,19589
STAT,15to49,1,1943,19605.54055246258
SIM,15to49,1,1940,19575
STAT,15to49,0,2016,304930.7771690033
STAT,15to49,1,1959,19544.69696764329
SIM,15to49,1,1949,19537
STAT,15to49,1,1957,19552.2443963088
STAT,15to49,1,1958,19548.469719663415
SIM,15to49,1,1953,19513
STAT,15to49,1,1951,19574.979848914256
SIM,15to49,1,1952,19549
STAT,15to49,1,1952,19571.177706677543
SIM,15to49,1,1955,19518
SIM,15to49,1,1954,19532
STAT,15to49,1,1950,19578.78911750333
SIM,15to49,1,1957,19481
STAT,15to49,1,1955,19559.80326221701
SIM,15to49,1,1956,19525
STAT,15to49,1,1956,19556.02165031493
SIM,15to49,1,1959,19491
STAT,15to49,1,1953,19567.381155590545
SIM,15to49,1,1958,19505
STAT,15to49,1,1954,19563.589645490032
SIM,15to49,1,1951,19498
SIM,15to49,1,1950,19549
SIM,0to14,0,1890,146929
SIM,0to14,0,1891,146887
SIM,0to14,0,1892,146865
SIM,0to14,0,1893,146827
STAT,15to49,1,1968,19510.713557788582
STAT,15to49,1,1969,19506.927983028298
STAT,15to49,1,1962,19533.382750915083
STAT,15to49,1,1963,19529.609575339866
STAT,15to49,1,1960,19540.925498086785
STAT,15to49,1,1961,19537.15445293417
STAT,15to49,1,1966,19518.27891152998
STAT,15to49,1,1967,19514.49734453898
STAT,15to49,1,1964,19525.834749501224
STAT,15to49,1,1965,19522.05795030923
SIM,0to14,0,1894,146803
SIM,0to14,0,1895,146783
SIM,0to14,0,1896,146743
SIM,0to14,0,1897,146700
SIM,0to14,0,1898,146678
SIM,0to14,0,1899,146650
SIM,0to14,0,1880,147245
SIM,0to14,0,1881,147206
SIM,0to14,0,1882,147194
STAT,15to49,1,1979,19469.074673252362
STAT,15to49,0,2003,305699.88750015927
STAT,15to49,1,1973,19491.77580030168
STAT,15to49,0,2004,305640.6814770459
STAT,15to49,1,1974,19487.98798888256
STAT,15to49,0,2001,305818.3481083153
STAT,15to49,1,1971,19499.352872323812
STAT,15to49,0,2002,305759.1089120268
STAT,15to49,1,1972,19495.56427459726
STAT,15to49,1,1977,19476.63337910176
STAT,15to49,1,1978,19472.852799242155
STAT,15to49,0,2000,305877.6080152891
STAT,15to49,1,1975,19484.20132097355
STAT,15to49,1,1976,19480.416302258338
SIM,0to14,0,1883,147141
SIM,0to14,0,1884,147101
SIM,0to14,0,1885,147084
STAT,15to49,0,2009,305344.80354407703
SIM,0to14,0,1886,147046
SIM,0to14,0,1887,147014
STAT,15to49,0,2007,305463.13287991437
SIM,0to14,0,1888,146978
STAT,15to49,0,2008,305403.96567635785
STAT,15to49,1,1970,19503.140935850282
SIM,0to14,0,1889,146945
STAT,15to49,0,2005,305581.48859253613
STAT,15to49,0,2006,305522.3064813106
SIM,50+,0,1990,251946
STAT,50+,0,1899,251175.88295789823
SIM,50+,0,1991,251897
SIM,50+,0,1992,251865
SIM,50+,0,1993,251785
SIM,50+,0,1994,251731
SIM,15to49,1,1986,19394
STAT,15to49,1,1984,19450.221289211033
SIM,15to49,1,1985,19395
STAT,15to49,1,1985,19446.45675662771
SIM,15to49,1,1988,19368
STAT,15to49,1,1982,19457.75568638575
SIM,15to49,1,1987,19378
STAT,15to49,1,1983,19453.98750991958
STAT,15to49,1,1988,19435.170097825834
SIM,15to49,1,1989,19380
STAT,15to49,1,1989,19431.409013866174
STAT,15to49,1,1986,19442.69360985525
STAT,15to49,1,1987,19438.93152771129
SIM,50+,0,1995,251698
SIM,50+,0,1996,251619
SIM,50+,0,1997,251573
SIM,15to49,1,1980,19424
SIM,50+,0,1998,251529
SIM,50+,0,1999,251478
SIM,15to49,1,1982,19401
STAT,15to49,1,1980,19465.29909883691
SIM,15to49,1,1981,19400
STAT,15to49,1,1981,19461.52611749887
SIM,15to49,1,1984,19378
SIM,15to49,1,1983,19406
SIM,15to49,1,1997,19337
STAT,15to49,1,1995,19408.83910347483
SIM,15to49,1,1996,19350
STAT,15to49,1,1996,19405.07626097073
SIM,15to49,1,1999,19340
STAT,15to49,1,1993,19416.363815644345
SIM,15to49,1,1998,19349
STAT,15to49,1,1994,19412.601647088322
STAT,15to49,1,1999,19393.787421550976
STAT,15to49,1,1997,19401.313245413552
STAT,15to49,1,1998,19397.550230756467
SIM,15to49,1,1991,19350
SIM,15to49,1,1990,19377
SIM,15to49,1,1993,19348
STAT,15to49,1,1991,19423.886939985623
SIM,15to49,1,1992,19373
STAT,15to49,1,1992,19420.12557517033
SIM,15to49,1,1995,19320
SIM,15to49,1,1994,19380
STAT,15to49,1,1990,19427.648032431
STAT,50+,0,1879,265014.09955697943
STAT,50+,0,1878,265505.3354478988
STAT,50+,0,1877,265939.56282518874
SIM,0to14,0,1858,147928
SIM,0to14,0,1859,147891
STAT,50+,0,1883,262742.3523587946
STAT,50+,0,1882,263358.3962104054
STAT,50+,0,1881,263940.6382711735
STAT,50+,0,1880,264497.086075984
SIM,0to14,0,1854,147526
STAT,50+,0,1887,260009.67155506596
SIM,0to14,0,1855,148032
STAT,50+,0,1886,260720.51358920327
SIM,0to14,0,1856,147988
STAT,50+,0,1885,261409.49332633504
SIM,0to14,0,1857,147968
STAT,50+,0,1884,262085.42012606273
STAT,50+,0,1889,258559.74311890142
STAT,50+,0,1888,259304.40655472458
SIM,15to49,0,2005,312197
SIM,15to49,0,2004,312253
SIM,15to49,0,2007,312041
SIM,15to49,0,2006,312138
SIM,15to49,0,2001,312446
STAT,50+,0,1890,257789.17594058422
SIM,15to49,0,2000,312549
SIM,15to49,0,2003,312351
SIM,15to49,0,2002,312413
STAT,50+,0,1894,254779.61087146963
STAT,50+,0,1893,255527.99511993764
STAT,50+,0,1892,256287.46287279992
STAT,50+,0,1891,257037.51712283576
SIM,15to49,0,2009,311931
STAT,50+,0,1898,251871.2283752844
SIM,15to49,0,2008,312015
STAT,50+,0,1897,252578.02791635416
STAT,50+,0,1896,253293.54053515126
STAT,50+,0,1895,254028.70564286778
STAT,50+,0,1858,268697.0691321328
STAT,50+,0,1857,268757.1291053306
SIM,50+,0,2000,251415
STAT,50+,0,1856,268818.5994531256
SIM,50+,0,2001,251369
STAT,50+,0,1855,268862.9181564971
SIM,50+,0,2002,251315
SIM,50+,0,2003,251254
SIM,50+,0,2004,251206
SIM,0to14,0,1870,147556
SIM,50+,0,2005,251144
SIM,0to14,0,1871,147523
STAT,50+,0,1859,268625.53559690906
SIM,15to49,0,2010,311876
STAT,0to14,0,1907,146602.53357876086
SIM,15to49,0,2015,896
STAT,0to14,0,1908,146574.1440669321
STAT,0to14,0,1905,146659.65841389768
STAT,0to14,0,1906,146630.9872217052
SIM,15to49,0,2012,311708
SIM,15to49,0,2011,311818
SIM,15to49,0,2014,311580
STAT,0to14,0,1909,146545.86652402353
SIM,15to49,0,2013,311683
SIM,50+,0,2006,251085
SIM,0to14,0,1872,147488
STAT,50+,0,1861,268515.61596150155
SIM,50+,0,2007,251054
SIM,0to14,0,1873,147467
STAT,50+,0,1860,268570.3241421814
STAT,0to14,0,1900,146805.23807208068
SIM,50+,0,2008,250996
SIM,0to14,0,1874,147442
SIM,50+,0,2009,250929
SIM,0to14,0,1875,147402
SIM,0to14,0,1876,147363
STAT,50+,0,1865,268247.4066085193
STAT,0to14,0,1903,146717.62169943348
SIM,0to14,0,1877,147335
STAT,50+,0,1864,268321.86991842126
STAT,0to14,0,1904,146688.58555763314
SIM,0to14,0,1878,147308
STAT,50+,0,1863,268397.9685661901
STAT,0to14,0,1901,146775.84709189116
SIM,0to14,0,1879,147271
STAT,50+,0,1862,268443.7111979951
STAT,0to14,0,1902,146746.72565618905
STAT,50+,0,1869,267892.18378644425
SIM,50+,0,2010,250876
STAT,50+,0,1868,267995.2177002902
SIM,50+,0,2011,250833
STAT,50+,0,1867,268082.09025986324
SIM,50+,0,2012,250761
STAT,50+,0,1866,268173.2602024505
SIM,50+,0,2013,250734
SIM,50+,0,2014,250675
SIM,50+,0,2015,677
SIM,0to14,0,1860,147858
SIM,0to14,0,1869,147583
STAT,0to14,0,1918,146294.2568322899
STAT,0to14,0,1919,146266.13246740727
STAT,0to14,0,1916,146350.28476502246
STAT,0to14,0,1917,146322.31039548016
SIM,0to14,0,1861,147852
STAT,50+,0,1872,267427.8159554504
STAT,0to14,0,1910,146517.7305310766
SIM,0to14,0,1862,147803
STAT,50+,0,1871,267623.8626763744
STAT,0to14,0,1911,146489.77558527482
SIM,0to14,0,1863,147771
STAT,50+,0,1870,267770.1403841818
SIM,0to14,0,1864,147751
SIM,0to14,0,1865,147693
STAT,50+,0,1876,266332.8235969927
STAT,0to14,0,1914,146406.04445042936
SIM,0to14,0,1866,147682
STAT,50+,0,1875,266673.6032122498
STAT,0to14,0,1915,146378.1772285123
SIM,0to14,0,1867,147630
STAT,50+,0,1874,266969.0411186359
STAT,0to14,0,1912,146461.83297333252
SIM,0to14,0,1868,147626
STAT,50+,0,1873,267204.81160578295
STAT,0to14,0,1913,146433.9157613837
SIM,15to49,1,1917,19677
SIM,15to49,1,1916,19694
SIM,15to49,1,1919,19648
SIM,15to49,1,1918,19662
SIM,15to49,1,1920,19658
STAT,0to14,0,1929,145981.27623236054
SIM,15to49,1,1922,19664
STAT,0to14,0,1927,146038.46811532552
SIM,15to49,1,1921,19675
STAT,0to14,0,1928,146009.86709913483
SIM,15to49,1,1924,19640
SIM,15to49,1,1923,19648
SIM,15to49,1,1926,19645
SIM,15to49,1,1925,19634
STAT,0to14,0,1921,146209.60866301198
STAT,0to14,0,1922,146181.21808643354
STAT,0to14,0,1920,146237.91913626494
STAT,0to14,0,1925,146095.7026787791
STAT,0to14,0,1926,146067.0828948294
STAT,0to14,0,1923,146152.7742677785
STAT,0to14,0,1924,146124.2688303874
STAT,0to14,0,1940,145670.06317640207
SIM,15to49,1,1928,19635
SIM,15to49,1,1927,19636
SIM,15to49,1,1929,19597
SIM,15to49,1,1931,19622
SIM,15to49,1,1930,19623
SIM,15to49,1,1933,19602
STAT,0to14,0,1938,145726.20950553598
SIM,15to49,1,1932,19602
STAT,0to14,0,1939,145698.12254678702
SIM,15to49,1,1935,19610
SIM,15to49,1,1934,19601
SIM,15to49,1,1937,19581
SIM,15to49,1,1936,19589
STAT,0to14,0,1932,145895.72659580235
STAT,0to14,0,1933,145867.32933058482
STAT,0to14,0,1930,145952.7106459524
STAT,0to14,0,1931,145924.1835508275
STAT,0to14,0,1936,145782.4902549703
STAT,0to14,0,1937,145754.33018821263
STAT,0to14,0,1934,145838.9887133778
STAT,0to14,0,1935,145810.70890009508
STAT,0to14,0,1950,145388.98131275756
STAT,0to14,0,1951,145360.74096345334
STAT,15to49,1,1904,19753.98299630437
STAT,15to49,1,1905,19750.28688865756
STAT,15to49,1,1902,19761.429179459294
STAT,15to49,1,1903,19757.692137344682
STAT,15to49,1,1908,19739.073981409492
STAT,15to49,1,1909,19735.346974787575
STAT,15to49,1,1906,19746.55778337824
STAT,15to49,1,1907,19742.805197884172
SIM,15to49,1,1900,19732
STAT,0to14,0,1949,145417.19945006043
SIM,15to49,1,1902,19757
STAT,15to49,1,1900,19768.89310962737
SIM,15to49,1,1901,19744
STAT,15to49,1,1901,19765.152774411617
SIM,15to49,1,1904,19725
SIM,15to49,1,1903,19715
STAT,0to14,0,1943,145585.9352867159
STAT,0to14,0,1944,145557.8756048102
STAT,0to14,0,1941,145642.021482117
STAT,0to14,0,1942,145613.98240225815
STAT,0to14,0,1947,145473.55748291072
STAT,0to14,0,1948,145445.3920514042
STAT,0to14,0,1945,145529.79678803647
STAT,0to14,0,1946,145501.69285720718
STAT,0to14,0,1961,145078.37311744026
STAT,0to14,0,1962,145050.24291194565
STAT,0to14,0,1960,145106.5310412789
SIM,15to49,1,1906,19712
STAT,15to49,1,1915,19712.464954656447
SIM,15to49,1,1905,19735
STAT,15to49,1,1916,19708.559556692966
SIM,15to49,1,1908,19709
STAT,15to49,1,1913,19720.15180517264
SIM,15to49,1,1907,19735
STAT,15to49,1,1914,19716.31719361663
STAT,15to49,1,1919,19696.905941957397
SIM,15to49,1,1909,19690
STAT,15to49,1,1917,19704.675505474668
STAT,15to49,1,1918,19700.795126284396
SIM,15to49,1,1911,19709
SIM,15to49,1,1910,19706
SIM,15to49,1,1913,19661
STAT,15to49,1,1911,19727.79213473194
SIM,15to49,1,1912,19691
STAT,15to49,1,1912,19723.96541822785
SIM,15to49,1,1915,19689
SIM,15to49,1,1914,19700
STAT,15to49,1,1910,19731.617773414888
STAT,0to14,0,1954,145275.94062817396
STAT,0to14,0,1955,145247.6688845632
STAT,0to14,0,1952,145332.48256346947
STAT,0to14,0,1953,145304.21373964136
STAT,0to14,0,1958,145162.92459449687
STAT,0to14,0,1959,145134.71556524577
STAT,0to14,0,1956,145219.404993246
STAT,0to14,0,1957,145191.1553694954
STAT,50+,0,1913,244147.17792808588
STAT,50+,0,1912,244452.83084434705
STAT,50+,0,1911,244789.343469184
STAT,50+,0,1910,245157.34525743077
STAT,50+,0,1917,243201.30585347486
STAT,50+,0,1916,243399.75545659117
STAT,50+,0,1915,243622.59215663993
STAT,50+,0,1914,243870.93349899372
STAT,50+,0,1919,242868.40685110365
STAT,50+,0,1918,243025.1376588223
STAT,15to49,0,1861,321286.9160310242
STAT,15to49,0,1860,321630.37563450006
STAT,15to49,0,1867,318797.8311205243
STAT,15to49,0,1866,319257.96417648526
STAT,15to49,0,1869,317837.73757701257
STAT,15to49,0,1868,318318.0818930065
STAT,50+,0,1920,242729.25156202595
STAT,15to49,0,1863,320534.04855268414
STAT,15to49,0,1862,320939.5324076959
STAT,15to49,0,1865,319699.74137176987
STAT,15to49,0,1864,320129.07836679096
STAT,50+,0,1924,242309.5448336865
STAT,50+,0,1923,242397.88394010847
STAT,50+,0,1922,242496.0292368988
STAT,50+,0,1921,242605.8701487336
STAT,50+,0,1928,242027.97895560152
STAT,0to14,0,1862,147893.32759847774
STAT,50+,0,1927,242090.26827566608
STAT,0to14,0,1863,147865.11267984455
STAT,50+,0,1926,242156.99358943597
STAT,0to14,0,1860,147951.0316738907
STAT,50+,0,1925,242229.3972502696
STAT,0to14,0,1861,147926.90433492014
STAT,50+,0,1929,241969.4440954129
SIM,50+,0,1904,256627
STAT,15to49,0,1870,317364.04664720804
SIM,50+,0,1905,256570
SIM,50+,0,1906,256529
STAT,15to49,0,1872,316454.176765645
SIM,50+,0,1907,256470
STAT,15to49,0,1871,316892.7963051406
SIM,50+,0,1908,256410
SIM,50+,0,1909,256336
STAT,15to49,0,1878,314235.2464486475
STAT,0to14,0,1855,138104.0
SIM,50+,1,1889,1
STAT,15to49,0,1877,314527.7205958779
STAT,0to14,0,1856,148048.862461426
STAT,15to49,0,1879,313986.70059960714
SIM,50+,0,1900,256853
STAT,50+,0,1931,241861.45330357077
STAT,15to49,0,1874,315594.57855368976
STAT,0to14,0,1859,147967.23751443505
SIM,50+,0,1901,256789
STAT,50+,0,1930,241914.03624197576
STAT,15to49,0,1873,316026.0133847744
SIM,50+,0,1902,256734
STAT,15to49,0,1876,314847.059859959
STAT,0to14,0,1857,148014.15272326663
SIM,50+,0,1903,256684
STAT,15to49,0,1875,315205.22405227035
STAT,0to14,0,1858,147993.95131131366
SIM,50+,1,1891,1
STAT,0to14,0,1870,147668.71485234535
STAT,0to14,0,1873,147575.12612998576
STAT,0to14,0,1874,147543.98319214446
STAT,0to14,0,1871,147637.60898596194
STAT,0to14,0,1872,147606.5425200561
SIM,0to14,0,1913,146203
SIM,0to14,0,1914,146168
SIM,0to14,0,1915,146131
SIM,0to14,0,1916,146117
SIM,0to14,0,1917,146086
SIM,0to14,0,1918,146039
SIM,0to14,0,1919,146018
STAT,0to14,0,1866,147781.10915476858
STAT,0to14,0,1867,147758.8996069845
STAT,0to14,0,1864,147841.24763554396
STAT,0to14,0,1865,147817.44977177857
SIM,0to14,0,1910,146286
SIM,0to14,0,1911,146265
STAT,0to14,0,1868,147733.47560699214
SIM,0to14,0,1912,146239
STAT,0to14,0,1869,147704.64533009048
STAT,50+,0,1902,249212.18549253573
STAT,0to14,0,1880,147366.91280447468
STAT,50+,0,1901,249850.58720655032
STAT,0to14,0,1881,147339.2521939766
STAT,50+,0,1900,250497.9984816173
STAT,50+,0,1906,246944.5837492082
STAT,0to14,0,1884,147255.80130221634
STAT,50+,0,1905,247468.89865772636
STAT,15to49,0,1859,321946.65351037256
STAT,0to14,0,1885,147228.7067232382
STAT,50+,0,1904,248018.03554270064
STAT,0to14,0,1882,147311.328381257
STAT,50+,0,1903,248600.87844234213
STAT,0to14,0,1883,147283.25164047768
STAT,50+,0,1909,245556.53137525034
STAT,50+,0,1908,245987.60716410857
STAT,50+,0,1907,246450.35623813124
SIM,0to14,0,1902,146561
STAT,15to49,1,2006,19367.469749524542
SIM,0to14,0,1903,146537
STAT,15to49,1,2007,19363.714989456967
SIM,0to14,0,1904,146491
STAT,15to49,1,2004,19374.983455810077
SIM,0to14,0,1905,146454
STAT,15to49,1,2005,19371.2259207126
SIM,0to14,0,1906,146431
SIM,0to14,0,1907,146386
SIM,0to14,0,1908,146368
STAT,15to49,1,2008,19359.961652073584
SIM,0to14,0,1909,146334
STAT,15to49,1,2009,19356.209707390957
STAT,15to49,0,1856,322610.7594006318
STAT,0to14,0,1877,147454.81699386964
STAT,15to49,0,1855,322756.0932319228
STAT,0to14,0,1878,147425.2965068088
STAT,15to49,0,1858,322201.05959757173
STAT,0to14,0,1875,147513.10546779592
STAT,15to49,0,1857,322434.5706484663
STAT,0to14,0,1876,147483.86781158065
STAT,15to49,1,2002,19382.5022467205
STAT,15to49,1,2003,19378.7422702293
SIM,0to14,0,1900,146603
STAT,15to49,1,2000,19390.025019245528
STAT,0to14,0,1879,147395.96263715732
SIM,0to14,0,1901,146571
STAT,15to49,1,2001,19386.26322754216
STAT,0to14,0,1891,147064.2283013935
STAT,0to14,0,1892,147035.89345094847
STAT,0to14,0,1890,147092.35602212095
STAT,0to14,0,1895,146951.15272594316
STAT,0to14,0,1896,146921.96066236473
STAT,0to14,0,1893,147007.81698888884
STAT,0to14,0,1894,146979.59930136122
STAT,15to49,1,2015,19333.722372628516
STAT,15to49,1,2016,19329.977438079342
STAT,0to14,0,1888,147146.74210561335
STAT,15to49,1,2010,19352.459094430793
STAT,0to14,0,1889,147119.5056162853
STAT,0to14,0,1886,147201.39911130778
STAT,0to14,0,1887,147173.98046478932
STAT,15to49,1,2013,19341.214281013472
STAT,15to49,1,2014,19337.46794745235
STAT,15to49,1,2011,19348.70972751426
STAT,15to49,1,2012,19344.9614980094
STAT,0to14,0,1899,146834.64012142134
STAT,0to14,0,1897,146892.9543789921
STAT,0to14,0,1898,146863.91140717713
SIM,15to49,0,1939,316654
SIM,50+,0,1970,253032
SIM,50+,0,1971,252973
SIM,50+,0,1972,252935
SIM,15to49,0,1940,316569
SIM,15to49,0,1941,316456
SIM,15to49,0,1946,316166
SIM,50+,0,1973,252881
SIM,50+,0,1974,252831
SIM,15to49,0,1947,316051
SIM,15to49,0,1948,316042
SIM,50+,0,1975,252762
SIM,15to49,0,1949,315957
SIM,50+,0,1976,252709
SIM,15to49,0,1942,316491
SIM,50+,0,1977,252667
SIM,50+,0,1978,252594
SIM,15to49,0,1943,316334
SIM,50+,0,1979,252541
SIM,15to49,0,1944,316294
SIM,15to49,0,1945,316241
SIM,50+,0,1980,252486
SIM,50+,0,1981,252434
SIM,50+,0,1982,252364
SIM,50+,0,1983,252347
SIM,15to49,0,1950,315876
SIM,15to49,0,1951,315865
SIM,15to49,0,1952,315730
SIM,15to49,0,1957,315455
SIM,50+,0,1984,252265
SIM,50+,0,1985,252213
SIM,15to49,0,1958,315337
SIM,50+,0,1986,252166
SIM,15to49,0,1959,315275
SIM,50+,0,1987,252117
SIM,50+,0,1988,252060
SIM,15to49,0,1953,315682
SIM,50+,0,1989,251999
SIM,15to49,0,1954,315599
SIM,15to49,0,1955,315531
SIM,15to49,0,1956,315469
SIM,50+,0,1950,254114
SIM,15to49,0,1960,315218
SIM,50+,0,1959,253644
SIM,15to49,0,1961,315138
SIM,15to49,0,1962,315075
SIM,15to49,0,1963,315007
SIM,15to49,0,1968,314683
SIM,50+,0,1951,254046
SIM,15to49,0,1969,314604
SIM,50+,0,1952,254002
SIM,50+,0,1953,253969
SIM,50+,0,1954,253898
SIM,15to49,0,1964,314963
SIM,50+,0,1955,253853
SIM,15to49,0,1965,314880
SIM,50+,0,1956,253790
SIM,15to49,0,1966,314838
SIM,50+,0,1957,253721
SIM,15to49,0,1967,314736
SIM,50+,0,1958,253692
SIM,50+,0,1960,253569
SIM,50+,0,1961,253519
SIM,15to49,0,1971,314480
SIM,15to49,0,1972,314411
SIM,15to49,0,1973,314357
SIM,15to49,0,1974,314253
SIM,15to49,0,1970,314546
SIM,15to49,0,1979,313955
SIM,50+,0,1962,253478
SIM,50+,0,1963,253428
SIM,50+,0,1964,253364
SIM,50+,0,1965,253294
SIM,50+,0,1966,253237
SIM,15to49,0,1975,314197
SIM,15to49,0,1976,314168
SIM,50+,0,1967,253195
SIM,15to49,0,1977,314068
SIM,50+,0,1968,253145
SIM,15to49,0,1978,313992
SIM,50+,0,1969,253091
SIM,50+,0,1937,254823
SIM,15to49,0,1982,313743
SIM,50+,0,1938,254773
SIM,15to49,0,1983,313650
SIM,50+,0,1939,254714
SIM,15to49,0,1984,313619
SIM,15to49,0,1985,313531
SIM,15to49,0,1980,313855
SIM,15to49,0,1981,313806
SIM,50+,0,1930,255202
SIM,50+,0,1931,255141
SIM,50+,0,1932,255092
SIM,50+,0,1933,255051
SIM,15to49,0,1986,313459
SIM,50+,0,1934,254981
SIM,15to49,0,1987,313412
SIM,50+,0,1935,254937
SIM,15to49,0,1988,313350
SIM,50+,0,1936,254878
SIM,15to49,0,1989,313268
SIM,15to49,0,1993,313016
SIM,50+,0,1948,254229
SIM,15to49,0,1994,312913
SIM,50+,0,1949,254171
SIM,15to49,0,1995,312896
SIM,15to49,0,1996,312797
SIM,15to49,0,1990,313208
SIM,15to49,0,1991,313154
SIM,15to49,0,1992,313052
SIM,50+,0,1940,254653
SIM,50+,0,1941,254603
SIM,50+,0,1942,254548
SIM,50+,0,1943,254484
SIM,15to49,0,1997,312745
SIM,50+,0,1944,254453
SIM,15to49,0,1998,312650
SIM,50+,0,1945,254394
SIM,15to49,0,1999,312584
SIM,50+,0,1946,254342
SIM,50+,0,1947,254290
SIM,50+,0,1915,256012
STAT,15to49,0,1881,313543.69710621686
SIM,50+,0,1916,255972
STAT,15to49,0,1880,313750.7179656122
SIM,50+,0,1917,255889
STAT,15to49,0,1883,313183.439081224
SIM,50+,0,1918,255869
STAT,15to49,0,1882,313351.5676328776
SIM,50+,0,1919,255819
STAT,15to49,0,1889,312516.78466883366
STAT,15to49,0,1888,312591.49156815634
SIM,50+,0,1910,256278
SIM,50+,0,1911,256240
STAT,15to49,0,1885,312922.32207025005
SIM,50+,0,1912,256197
STAT,15to49,0,1884,313047.1634930817
SIM,50+,0,1913,256132
STAT,15to49,0,1887,312702.9177042694
SIM,50+,0,1914,256076
STAT,15to49,0,1886,312804.65349539084
SIM,50+,1,1861,1
SIM,50+,0,1926,255423
STAT,15to49,0,1892,312331.5553754942
SIM,50+,0,1927,255369
STAT,15to49,0,1891,312399.1584978537
SIM,50+,0,1928,255327
STAT,15to49,0,1894,312216.3564484836
SIM,50+,0,1929,255262
STAT,15to49,0,1893,312276.71117568604
STAT,15to49,0,1890,312466.92297273077
STAT,15to49,0,1899,311928.59233082086
SIM,50+,0,1920,255758
SIM,50+,0,1921,255700
SIM,50+,0,1922,255612
STAT,15to49,0,1896,312109.7460102547
SIM,50+,0,1923,255589
STAT,15to49,0,1895,312166.0872534267
SIM,50+,0,1924,255545
STAT,15to49,0,1898,311984.62352614105
SIM,50+,0,1925,255487
SIM,50+,1,1865,1
STAT,15to49,0,1897,312044.8143773012
SIM,15to49,1,1854,19902
SIM,15to49,1,1856,19941
SIM,15to49,1,1855,19909
SIM,15to49,1,1858,19901
SIM,15to49,1,1857,19928
SIM,15to49,1,1859,19931
SIM,50+,0,1890,257390
SIM,50+,0,1891,257342
SIM,50+,0,1892,257281
SIM,50+,0,1893,257228
SIM,50+,0,1894,257186
SIM,50+,0,1895,257120
SIM,15to49,1,1887,19813
SIM,15to49,1,1886,19804
SIM,15to49,1,1889,19786
SIM,15to49,1,1888,19804
SIM,50+,0,1896,257062
SIM,15to49,0,1902,319108
SIM,50+,0,1897,257020
SIM,15to49,0,1903,319082
SIM,50+,0,1898,256952
SIM,15to49,1,1881,19834
SIM,15to49,0,1904,319002
SIM,50+,0,1899,256906
SIM,15to49,1,1880,19824
SIM,15to49,0,1905,318924
SIM,15to49,1,1883,19803
SIM,15to49,1,1882,19828
SIM,15to49,0,1900,319295
SIM,15to49,1,1885,19799
SIM,15to49,0,1901,319206
SIM,15to49,1,1884,19813
SIM,15to49,0,1906,318874
SIM,15to49,0,1907,318788
SIM,15to49,0,1908,318735
SIM,15to49,0,1909,318695
STAT,15to49,1,1858,19934.550464256765
STAT,15to49,1,1859,19929.903632989397
SIM,15to49,1,1898,19758
SIM,15to49,1,1897,19741
SIM,15to49,1,1899,19757
STAT,15to49,1,1856,19942.390533880625
STAT,15to49,1,1857,19938.981007859544
STAT,15to49,1,1855,19946.54425074339
SIM,15to49,0,1913,318433
SIM,15to49,1,1890,19785
SIM,15to49,0,1914,318311
SIM,15to49,0,1915,318261
SIM,15to49,1,1892,19768
SIM,15to49,1,1891,19778
SIM,15to49,0,1916,318166
SIM,15to49,1,1894,19769
SIM,15to49,0,1910,318615
SIM,15to49,1,1893,19794
SIM,15to49,1,1896,19768
SIM,15to49,0,1911,318522
SIM,15to49,1,1895,19766
SIM,15to49,0,1912,318469
SIM,50+,0,1870,258497
SIM,15to49,0,1917,318132
SIM,50+,0,1871,258446
SIM,15to49,0,1918,318065
SIM,50+,0,1872,258394
SIM,15to49,0,1919,318000
SIM,50+,0,1873,258318
STAT,15to49,1,1869,19886.997783655534
SIM,15to49,1,1865,19902
STAT,15to49,1,1863,19912.72033821084
SIM,15to49,1,1864,19876
STAT,15to49,1,1864,19908.59636765909
SIM,15to49,1,1867,19896
STAT,15to49,1,1861,19920.223655481397
SIM,15to49,1,1866,19888
STAT,15to49,1,1862,19916.763072765454
SIM,15to49,1,1869,19879
STAT,15to49,1,1867,19896.006549610844
SIM,15to49,1,1868,19865
STAT,15to49,1,1868,19891.297235072092
STAT,15to49,1,1865,19903.20776632869
STAT,15to49,1,1866,19899.49701155425
SIM,50+,0,1874,258273
SIM,15to49,0,1924,317649
SIM,50+,0,1875,258219
SIM,15to49,0,1925,317590
SIM,50+,0,1876,258169
SIM,15to49,0,1926,317506
SIM,50+,0,1877,258104
SIM,15to49,0,1927,317445
SIM,50+,0,1878,258044
SIM,15to49,1,1861,19897
SIM,15to49,0,1920,317917
SIM,50+,0,1879,257994
SIM,15to49,1,1860,19923
SIM,15to49,0,1921,317839
STAT,15to49,1,1860,19924.3682510097
SIM,15to49,1,1863,19920
SIM,15to49,0,1922,317775
SIM,15to49,1,1862,19915
SIM,15to49,0,1923,317716
SIM,50+,0,1880,257946
SIM,50+,0,1881,257897
SIM,15to49,0,1928,317370
SIM,50+,0,1882,257821
SIM,15to49,0,1929,317328
SIM,50+,0,1883,257774
SIM,50+,0,1884,257743
SIM,15to49,1,1876,19840
STAT,15to49,1,1874,19867.430978059256
SIM,15to49,1,1875,19858
STAT,15to49,1,1875,19865.195446753256
SIM,15to49,1,1878,19828
STAT,15to49,1,1872,19875.417435957344
SIM,15to49,1,1877,19863
SIM,15to49,0,1930,317226
STAT,15to49,1,1873,19871.537892114655
STAT,15to49,1,1878,19853.368103189317
SIM,15to49,1,1879,19839
STAT,15to49,1,1879,19849.817293512093
STAT,15to49,1,1876,19861.44437382539
STAT,15to49,1,1877,19857.040649163453
SIM,50+,0,1885,257675
SIM,15to49,0,1935,316876
SIM,50+,0,1886,257615
SIM,15to49,0,1936,316846
SIM,50+,0,1887,257563
SIM,15to49,0,1937,316787
SIM,15to49,1,1870,19878
SIM,50+,0,1888,257503
SIM,15to49,0,1938,316702
SIM,50+,0,1889,257467
SIM,15to49,1,1872,19877
SIM,15to49,0,1931,317164
STAT,15to49,1,1870,19883.60368322515
SIM,15to49,1,1871,19851
SIM,15to49,0,1932,317122
STAT,15to49,1,1871,19879.536048629972
SIM,15to49,1,1874,19830
SIM,15to49,0,1933,317039
SIM,15to49,1,1873,19873
SIM,15to49,0,1934,316981
STAT,15to49,0,1908,311383.19476644666
STAT,15to49,0,1907,311445.43128584133
STAT,50+,0,1999,238682.54421081176
STAT,50+,0,1998,238728.84719036223
STAT,15to49,0,1909,311321.16908704606
STAT,15to49,0,1904,311635.5187068358
STAT,15to49,0,1903,311695.29961160413
STAT,15to49,0,1906,311507.4422016107
SIM,0to14,0,1970,144436
STAT,15to49,0,1905,311569.4625446023
SIM,0to14,0,1979,144158
SIM,0to14,0,1971,144414
STAT,15to49,0,1900,311872.816254122
SIM,0to14,0,1972,144367
SIM,0to14,0,1973,144338
STAT,15to49,0,1902,311752.3336245039
SIM,0to14,0,1974,144319
STAT,15to49,0,1901,311806.3238543872
SIM,0to14,0,1975,144293
SIM,0to14,0,1976,144250
SIM,0to14,0,1977,144221
SIM,0to14,0,1978,144189
STAT,15to49,0,1919,310714.4925822709
STAT,15to49,0,1918,310774.25378617266
STAT,15to49,0,1915,310954.64592833666
STAT,15to49,0,1914,311015.4880282511
STAT,15to49,0,1917,310834.4626930593
STAT,15to49,0,1916,310894.5694191796
SIM,0to14,0,1968,144493
SIM,0to14,0,1969,144457
SIM,0to14,0,1960,144736
STAT,15to49,0,1911,311198.4209543067
SIM,0to14,0,1961,144726
STAT,15to49,0,1910,311259.428564221
SIM,0to14,0,1962,144688
STAT,15to49,0,1913,311076.4765662937
SIM,0to14,0,1963,144647
STAT,15to49,0,1912,311137.5477214107
SIM,0to14,0,1964,144616
SIM,0to14,0,1965,144595
SIM,0to14,0,1966,144548
SIM,0to14,0,1967,144519
STAT,50+,0,1979,239609.058091147
STAT,50+,0,1978,239655.60467399991
STAT,50+,0,1977,239702.1806617574
STAT,50+,0,1976,239748.78377973728
SIM,0to14,0,1990,143816
SIM,0to14,0,1991,143783
SIM,0to14,0,1992,143754
SIM,0to14,0,1993,143736
STAT,50+,0,1982,239469.62389248324
SIM,0to14,0,1994,143701
STAT,50+,0,1981,239516.06507468733
SIM,0to14,0,1995,143670
STAT,50+,0,1980,239562.54412492726
SIM,0to14,0,1996,143637
SIM,0to14,0,1997,143597
STAT,50+,0,1986,239284.18441001285
SIM,0to14,0,1998,143569
STAT,50+,0,1985,239330.50236665754
SIM,0to14,0,1999,143545
STAT,50+,0,1984,239376.84584589233
STAT,50+,0,1983,239423.21881370904
STAT,50+,0,1989,239145.3383837295
STAT,50+,0,1988,239191.6078611778
STAT,50+,0,1987,239237.88818846046
SIM,0to14,0,1980,144122
SIM,0to14,0,1981,144092
SIM,0to14,0,1982,144075
STAT,50+,0,1993,238960.28422607132
SIM,0to14,0,1983,144039
STAT,50+,0,1992,239006.55170572212
SIM,0to14,0,1984,144010
STAT,50+,0,1991,239052.8146622997
SIM,0to14,0,1985,143970
STAT,50+,0,1990,239099.07551326937
SIM,0to14,0,1986,143944
STAT,50+,0,1997,238775.14759673155
SIM,0to14,0,1987,143914
STAT,50+,0,1996,238821.4428550187
SIM,0to14,0,1988,143882
STAT,50+,0,1995,238867.7306322849
SIM,0to14,0,1989,143844
STAT,50+,0,1994,238914.0108916332
SIM,50+,1,2001,1
STAT,50+,0,1957,240632.22410510975
SIM,50+,1,2002,1
STAT,50+,0,1956,240678.76016799774
STAT,50+,0,1955,240725.3579765852
STAT,50+,0,1954,240772.03848629116
STAT,50+,0,1959,240539.2887611366
SIM,50+,1,2000,2
STAT,50+,0,1958,240585.7329890476
SIM,0to14,0,1935,145523
SIM,0to14,0,1936,145493
SIM,0to14,0,1937,145448
SIM,0to14,0,1938,145415
SIM,0to14,0,1939,145393
STAT,50+,0,1960,240492.88945081242
SIM,0to14,0,1930,145694
SIM,0to14,0,1931,145651
STAT,50+,0,1964,240307.4002873926
SIM,0to14,0,1932,145597
STAT,50+,0,1963,240353.78485284306
SIM,0to14,0,1933,145584
STAT,50+,0,1962,240400.16280606776
SIM,0to14,0,1934,145547
STAT,50+,0,1961,240446.52979197193
STAT,50+,0,1968,240121.603658547
STAT,50+,0,1967,240168.10733136765
STAT,50+,0,1966,240214.57632166415
STAT,50+,0,1965,240260.99955166594
STAT,50+,0,1969,240075.07074281987
SIM,0to14,0,1924,145855
SIM,0to14,0,1925,145837
SIM,0to14,0,1926,145798
SIM,0to14,0,1927,145781
SIM,0to14,0,1928,145734
SIM,0to14,0,1929,145716
STAT,50+,0,1971,239981.9133274226
STAT,50+,0,1970,240028.5064820876
SIM,0to14,0,1920,145979
STAT,50+,0,1975,239795.40520964356
SIM,0to14,0,1921,145949
STAT,50+,0,1974,239842.035067451
SIM,0to14,0,1922,145936
STAT,50+,0,1973,239888.6661650414
SIM,0to14,0,1923,145896
STAT,50+,0,1972,239935.29405258657
STAT,50+,0,1935,241664.44499391638
STAT,50+,0,1934,241712.14054828603
STAT,50+,0,1933,241760.71955244598
STAT,50+,0,1932,241810.42505684603
STAT,50+,0,1939,241476.65544052032
STAT,50+,0,1938,241523.37015540135
STAT,50+,0,1937,241570.22916634034
STAT,50+,0,1936,241617.27278320232
SIM,0to14,0,1957,144838
SIM,0to14,0,1958,144820
SIM,0to14,0,1959,144778
SIM,0to14,0,1950,145053
SIM,0to14,0,1951,145032
SIM,0to14,0,1952,144998
SIM,0to14,0,1953,144969
STAT,50+,0,1942,241336.20615191892
SIM,0to14,0,1954,144933
STAT,50+,0,1941,241383.16655439694
SIM,0to14,0,1955,144913
STAT,50+,0,1940,241429.9658234202
SIM,0to14,0,1956,144862
STAT,50+,0,1946,241148.00302281356
STAT,50+,0,1945,241195.1532183305
STAT,50+,0,1944,241242.2217585221
STAT,50+,0,1943,241289.2395310302
STAT,50+,0,1949,241006.654514295
STAT,50+,0,1948,241053.75833390164
STAT,50+,0,1947,241100.86802896165
SIM,0to14,0,1946,145170
SIM,0to14,0,1947,145149
SIM,0to14,0,1948,145116
SIM,0to14,0,1949,145093
SIM,0to14,0,1940,145349
SIM,0to14,0,1941,145340
SIM,0to14,0,1942,145304
STAT,50+,0,1953,240818.80152726857
SIM,0to14,0,1943,145270
STAT,50+,0,1952,240865.6419956604
SIM,0to14,0,1944,145231
STAT,50+,0,1951,240912.5745431212
SIM,0to14,0,1945,145211
STAT,50+,0,1950,240959.5928110931
