start.time,action,v.M
20180714-114610:417,RETAIN,36
20180714-115243:434,RETAIN,8
20180714-115422:495,RETAIN,2
20180714-115449:623,RETAIN,10
20180714-115539:489,RETAIN,4
20180714-115424:187,RETAIN,2
20180714-115250:923,RETAIN,6
20180714-115733:333,RETAIN,13
20180714-120023:234,RETAIN,24
20180714-115928:139,RETAIN,24
20180714-115926:010,RETAIN,10
20180714-115917:198,RETAIN,14
20180714-120305:561,RETAIN,12
20180714-120221:762,RETAIN,2
20180714-120431:309,RETAIN,28
20180714-120136:152,RERUN,12
20180714-120534:024,RETAIN,16
20180714-120510:995,RETAIN,9
20180714-120527:878,RETAIN,12
20180714-120542:475,RETAIN,12
20180714-120620:781,RETAIN,40
20180714-120848:175,RETAIN,14
20180714-121131:203,RETAIN,18
20180714-121224:739,RETAIN,13
20180714-121202:179,RETAIN,23
20180714-121133:862,RETAIN,10
20180714-121107:475,RETAIN,23
20180714-121109:984,RETAIN,42
20180714-121419:527,RETAIN,12
20180714-121123:372,RETAIN,15
20180714-121102:408,RETAIN,6
20180714-121834:379,RETAIN,37
20180714-121937:472,RETAIN,26
20180714-121829:688,RETAIN,22
20180714-121742:574,RERUN,62
20180714-121810:994,RERUN,10
20180714-121824:814,RETAIN,28
20180714-122009:851,RETAIN,10
20180714-120336:176,RETAIN,107
20180714-122025:685,RETAIN,15
20180714-121954:961,RETAIN,12
20180714-122426:911,RETAIN,16
20180714-122338:640,RETAIN,24
20180714-122613:148,RETAIN,25
20180714-122524:314,RETAIN,62
20180714-122452:846,RETAIN,15
20180714-122708:366,RETAIN,13
20180714-122422:901,RETAIN,15
20180714-122946:832,RETAIN,18
20180714-122942:406,RETAIN,11
20180714-122917:944,RETAIN,0
20180714-123300:352,RETAIN,20
20180714-122823:612,RETAIN,20
20180714-123251:824,RETAIN,17
20180714-123202:590,RETAIN,51
20180714-123232:759,RETAIN,17
20180714-123129:656,RETAIN,55
20180714-123642:891,RETAIN,2
20180714-123542:705,RETAIN,14
20180714-121734:248,RETAIN,26
20180714-123802:437,RETAIN,9
20180714-123937:459,RETAIN,18
20180714-123813:585,RETAIN,4
20180714-123700:586,RETAIN,16
20180714-123821:742,RETAIN,20
20180714-123917:273,RETAIN,55
20180714-123753:592,RETAIN,21
20180714-124121:433,RETAIN,23
20180714-124221:714,RETAIN,21
20180714-124426:409,RETAIN,18
20180714-124612:527,RETAIN,15
20180714-124541:162,RETAIN,14
20180714-124442:683,RETAIN,24
20180714-124636:164,RETAIN,20
20180714-124607:403,RETAIN,5
20180714-124656:013,RETAIN,25
20180714-124708:117,RETAIN,16
20180714-124918:787,RETAIN,49
20180714-124930:296,RETAIN,6
20180714-125237:931,RETAIN,9
20180714-125129:919,RETAIN,31
20180714-123214:716,RETAIN,25
20180714-125039:193,RETAIN,15
20180714-125320:884,RETAIN,22
20180714-125321:831,RETAIN,10
20180714-125438:342,RETAIN,28
20180714-125455:949,RETAIN,9
20180714-125537:147,RETAIN,0
20180714-125341:064,RETAIN,12
20180714-125713:619,RETAIN,0
20180714-125859:678,RETAIN,29
20180714-125638:024,RETAIN,19
20180714-130027:190,RETAIN,27
20180714-130208:164,RETAIN,5
20180714-130103:906,RETAIN,46
20180714-125909:656,RETAIN,15
20180714-130332:031,RETAIN,46
20180714-130559:673,RETAIN,26
20180714-130504:912,RETAIN,11
20180714-130456:876,RETAIN,5
20180714-130313:284,RETAIN,31
20180714-130731:885,RERUN,10
20180714-124719:180,RETAIN,76
20180714-130726:250,RETAIN,17
20180714-130758:496,RETAIN,0
20180714-130908:633,RETAIN,3
20180714-131009:169,RETAIN,18
20180714-131228:076,RETAIN,20
20180714-131147:479,RETAIN,12
20180714-131357:114,RETAIN,22
20180714-131421:964,RETAIN,13
20180714-131343:020,RETAIN,4
20180714-131545:345,RETAIN,44
20180714-131251:188,RERUN,7
20180714-131142:051,RETAIN,0
20180714-131630:276,RETAIN,18
20180714-131854:907,RETAIN,19
20180714-131833:157,RETAIN,14
20180714-132047:984,RETAIN,20
20180714-131940:282,RETAIN,20
20180714-130157:460,RETAIN,49
20180714-132243:466,RETAIN,29
20180714-132157:524,RETAIN,8
20180714-132146:865,RETAIN,18
20180714-132226:929,RETAIN,0
20180714-132544:411,RETAIN,19
20180714-132147:338,RETAIN,12
20180714-132541:020,RETAIN,15
20180714-132452:060,RETAIN,46
20180714-132719:046,RETAIN,17
20180714-132911:839,RETAIN,8
20180714-132756:740,RETAIN,8
20180714-132848:679,RETAIN,13
20180714-133216:564,RETAIN,14
20180714-133103:821,RETAIN,4
20180714-133125:479,RETAIN,7
20180714-133414:572,RETAIN,22
20180714-133145:723,RETAIN,24
20180714-133451:677,RETAIN,7
20180714-133607:378,RETAIN,8
20180714-133438:714,RETAIN,10
20180714-131730:455,RETAIN,62
20180714-133119:999,RETAIN,10
20180714-133907:074,RETAIN,21
20180714-133830:161,RETAIN,53
20180714-134044:747,RETAIN,22
20180714-133958:389,RETAIN,1
20180714-134213:501,RETAIN,13
20180714-133944:525,RETAIN,34
20180714-134253:687,RETAIN,10
20180714-134211:411,RETAIN,44
20180714-134536:593,RETAIN,16
20180714-134442:840,RETAIN,50
20180714-134715:193,RETAIN,20
20180714-134245:433,RETAIN,18
20180714-134935:248,RETAIN,12
20180714-134829:815,RETAIN,6
20180714-135205:442,RETAIN,17
20180714-134839:086,RETAIN,0
20180714-134955:201,RETAIN,0
20180714-133217:374,RETAIN,24
20180714-135032:892,RETAIN,59
20180714-135209:182,RETAIN,10
20180714-135345:147,RETAIN,21
20180714-135515:829,RETAIN,42
20180714-135822:878,RETAIN,22
20180714-135259:677,RETAIN,10
20180714-135719:924,RETAIN,4
20180714-135856:038,RETAIN,4
20180714-140017:094,RETAIN,22
20180714-135626:668,RETAIN,11
20180714-140003:993,RETAIN,24
20180714-135750:592,RETAIN,20
20180714-140434:950,RETAIN,19
20180714-140210:355,RETAIN,22
20180714-140649:279,RETAIN,21
20180714-134705:230,RETAIN,83
20180714-140618:662,RETAIN,0
20180714-140241:334,RETAIN,4
20180714-141050:308,RETAIN,18
20180714-140833:609,RETAIN,23
20180714-140654:466,RERUN,17
20180714-140834:900,RETAIN,22
20180714-141137:548,RETAIN,3
20180714-140716:342,RETAIN,17
20180714-141322:260,RETAIN,22
20180714-141724:528,RETAIN,41
20180714-141454:016,RETAIN,27
20180714-141825:173,RETAIN,15
20180714-141637:989,RETAIN,77
20180714-141404:917,RETAIN,4
20180714-141619:672,RETAIN,11
20180714-141955:042,RETAIN,22
20180714-140247:379,RETAIN,78
20180714-141743:644,RERUN,12
20180714-141645:298,RETAIN,21
20180714-142348:034,RETAIN,10
20180714-142351:365,RETAIN,20
20180714-142400:711,RETAIN,15
20180714-142620:050,RETAIN,15
20180714-142521:359,RERUN,13
20180714-142452:537,RETAIN,76
20180714-143037:905,RETAIN,22
20180714-142439:254,RETAIN,7
20180714-142705:433,RERUN,22
20180714-142633:051,RETAIN,18
20180714-142952:445,RETAIN,15
20180714-143243:210,RETAIN,22
20180714-143244:638,RETAIN,25
20180714-143347:574,RETAIN,26
20180714-141647:274,RETAIN,25
20180714-143657:377,RETAIN,21
20180714-143256:057,RETAIN,0
20180714-143929:895,RETAIN,21
20180714-143516:149,RETAIN,58
20180714-143840:943,RERUN,18
20180714-143646:408,RETAIN,8
20180714-143625:234,RERUN,38
20180714-144116:115,RETAIN,0
20180714-144123:196,RETAIN,38
20180714-144420:176,RETAIN,28
20180714-144313:323,RETAIN,7
20180714-144601:649,RETAIN,20
20180714-144551:220,RETAIN,8
20180714-143047:142,RETAIN,87
20180714-145050:474,RETAIN,38
20180714-144608:813,RETAIN,15
20180714-144542:832,RERUN,42
20180714-145009:079,RETAIN,0
20180714-145226:366,RETAIN,22
20180714-144504:402,RETAIN,12
20180714-144943:457,RERUN,47
20180714-144907:704,RETAIN,6
20180714-145331:389,RETAIN,14
20180714-145733:791,RETAIN,22
20180714-145942:558,RETAIN,16
20180714-145841:204,RETAIN,4
20180714-145516:773,RERUN,19
20180714-145509:920,RETAIN,44
20180714-150040:209,RETAIN,2
20180714-144448:033,RETAIN,24
20180714-145746:330,RETAIN,13
20180714-150431:503,RETAIN,22
20180714-145901:786,RETAIN,15
20180714-145908:085,RETAIN,4
20180714-150644:043,RETAIN,17
20180714-150840:605,RETAIN,25
20180714-150748:264,RETAIN,43
20180714-151112:236,RETAIN,16
20180714-150625:365,RETAIN,20
20180714-150615:639,RERUN,19
20180714-150923:025,RERUN,30
20180714-150857:055,RETAIN,16
20180714-151309:318,RETAIN,16
20180714-151405:251,RETAIN,11
20180714-150953:461,RETAIN,13
20180714-151727:608,RETAIN,17
20180714-145823:921,RETAIN,28
20180714-151630:605,RETAIN,6
20180714-151950:715,RETAIN,22
20180714-151844:589,RETAIN,6
20180714-151829:611,RETAIN,7
20180714-152022:463,RETAIN,22
20180714-151557:652,RERUN,35
20180714-151546:608,RETAIN,15
20180714-152353:061,RETAIN,23
20180714-152457:635,RETAIN,7
20180714-152133:861,RETAIN,0
20180714-152647:451,RETAIN,22
20180714-152759:140,RETAIN,26
20180714-152652:865,RETAIN,14
20180714-151240:046,RETAIN,39
20180714-153012:373,RETAIN,17
20180714-152700:535,RETAIN,15
20180714-152654:614,RETAIN,15
20180714-152606:391,RETAIN,7
20180714-153314:746,RETAIN,22
20180714-153324:423,RETAIN,1
20180714-153515:771,RETAIN,5
20180714-153211:377,RETAIN,4
20180714-153738:698,RETAIN,22
20180714-153543:289,RETAIN,77
20180714-153948:376,RETAIN,20
20180714-153721:713,RETAIN,3
20180714-154118:135,RETAIN,11
20180714-153809:071,RERUN,42
20180714-153717:714,RETAIN,36
20180714-154205:086,RETAIN,4
20180714-152627:675,RETAIN,62
20180714-154444:827,RETAIN,22
20180714-154406:548,RETAIN,13
20180714-154719:629,RETAIN,12
20180714-154329:051,RETAIN,11
20180714-154614:018,RETAIN,17
20180714-154529:490,RETAIN,12
20180714-155218:209,RETAIN,22
20180714-155043:184,RETAIN,0
20180714-154708:241,RETAIN,11
20180714-154644:088,RERUN,44
20180714-155432:828,RETAIN,20
20180714-155301:280,RETAIN,19
20180714-155415:166,RETAIN,30
20180714-155836:540,RETAIN,37
20180714-155452:353,RETAIN,29
20180714-154034:572,RETAIN,91
20180714-155342:066,RETAIN,6
20180714-155915:137,RETAIN,0
20180714-155637:310,RETAIN,48
20180714-160122:966,RETAIN,19
20180714-160220:669,RETAIN,17
20180714-155620:253,RETAIN,14
20180714-160505:633,RETAIN,17
20180714-160139:931,RETAIN,2
20180714-160332:833,RETAIN,15
20180714-160842:749,RETAIN,17
20180714-160754:978,RETAIN,1
20180714-160803:800,RETAIN,25
20180714-160850:471,RETAIN,12
20180714-160423:216,RETAIN,2
20180714-160955:702,RETAIN,3
20180714-161150:284,RETAIN,29
20180714-155402:247,RETAIN,24
20180714-161212:106,RETAIN,21
20180714-161253:834,RETAIN,1
20180714-161528:877,RETAIN,1
20180714-161829:015,RETAIN,16
20180714-161728:458,RETAIN,20
20180714-161629:864,RETAIN,26
20180714-161712:303,RETAIN,14
20180714-161632:959,RETAIN,12
20180714-161613:347,RETAIN,27
20180714-162001:424,RETAIN,39
20180714-162230:227,RETAIN,21
20180714-162450:158,RETAIN,18
20180714-162108:775,RETAIN,13
20180714-162520:297,RETAIN,21
20180714-160845:512,RETAIN,42
20180714-162607:153,RETAIN,6
20180714-163103:206,RETAIN,22
20180714-162746:847,RETAIN,19
20180714-162658:550,RERUN,8
20180714-163000:461,RETAIN,20
20180714-162926:745,RETAIN,93
20180714-163000:800,RETAIN,22
20180714-163219:079,RERUN,16
20180714-162744:071,RETAIN,2
20180714-163522:050,RETAIN,2
20180714-163720:988,RETAIN,37
20180714-162231:125,RETAIN,104
20180714-163902:150,RETAIN,22
20180714-163635:302,RETAIN,4
20180714-163837:549,RETAIN,14
20180714-163702:481,RETAIN,20
20180714-164059:200,RETAIN,11
20180714-163950:918,RETAIN,21
20180714-164439:030,RETAIN,18
20180714-164401:591,RETAIN,6
20180714-164556:714,RETAIN,22
20180714-164011:731,RETAIN,37
20180714-164853:685,RETAIN,6
20180714-164749:792,RETAIN,24
20180714-164613:916,RETAIN,14
20180714-165107:348,RETAIN,17
20180714-164649:983,RETAIN,52
20180714-164834:803,RERUN,56
20180714-165300:021,RETAIN,32
20180714-165307:995,RETAIN,1
20180714-163539:494,RETAIN,24
20180714-165606:514,RETAIN,1
20180714-165346:262,RERUN,8
20180714-165643:570,RERUN,25
20180714-165744:872,RETAIN,19
20180714-165506:862,RERUN,9
20180714-165555:186,RETAIN,12
20180714-165728:328,RETAIN,18
20180714-170002:956,RETAIN,28
20180714-170227:745,RETAIN,7
20180714-170333:279,RETAIN,7
20180714-170541:377,RETAIN,17
20180714-170445:831,RETAIN,5
20180714-165011:113,RETAIN,37
20180714-170619:860,RETAIN,13
20180714-170451:061,RETAIN,17
20180714-170556:035,RETAIN,16
20180714-170354:949,RETAIN,24
20180714-170815:144,RETAIN,30
20180714-171113:200,RETAIN,19
20180714-171307:332,RETAIN,15
20180714-171410:840,RETAIN,35
20180714-171512:723,RETAIN,14
20180714-171424:514,RETAIN,37
20180714-171530:306,RETAIN,20
20180714-171632:236,RETAIN,15
20180714-171505:306,RETAIN,9
20180714-172032:934,RETAIN,22
20180714-171550:481,RETAIN,10
20180714-172104:583,RETAIN,18
20180714-170410:317,RETAIN,54
20180714-172027:303,RETAIN,27
20180714-172424:198,RETAIN,19
20180714-172627:324,RETAIN,10
20180714-172249:413,RERUN,5
20180714-172325:316,RETAIN,8
20180714-172501:307,RERUN,16
20180714-172402:614,RETAIN,92
20180714-172856:731,RETAIN,37
20180714-172634:558,RETAIN,20
20180714-173140:205,RETAIN,20
20180714-173239:668,RETAIN,13
20180714-172917:031,RETAIN,14
20180714-171821:495,RETAIN,32
20180714-173259:976,RETAIN,23
20180714-173301:516,RETAIN,4
20180714-173313:125,RETAIN,20
20180714-173641:714,RETAIN,15
20180714-173331:185,RETAIN,18
20180714-173941:663,RETAIN,22
20180714-174118:219,RETAIN,15
20180714-174036:823,RETAIN,1
20180714-173904:655,RETAIN,6
20180714-174532:070,RETAIN,17
20180714-174251:578,RERUN,14
20180714-174406:813,RETAIN,24
20180714-174823:154,RETAIN,5
20180714-174756:267,RETAIN,22
20180714-174430:947,RETAIN,0
20180714-174333:227,RERUN,24
20180714-173152:817,RETAIN,38
20180714-175242:501,RETAIN,18
20180714-175039:149,RETAIN,1
20180714-174928:266,RETAIN,4
20180714-175433:599,RETAIN,14
20180714-175242:273,RETAIN,40
20180714-175309:806,RETAIN,15
20180714-175532:175,RETAIN,22
20180714-175316:167,RERUN,18
20180714-175303:510,RETAIN,20
20180714-175922:744,RETAIN,19
20180714-175946:526,RETAIN,10
20180714-180202:742,RETAIN,25
20180714-174552:339,RETAIN,106
20180714-180257:108,RETAIN,21
20180714-180206:604,RETAIN,0
20180714-180316:542,RERUN,14
20180714-180030:458,RETAIN,9
20180714-180406:941,RERUN,36
20180714-180431:524,RETAIN,13
20180714-180757:544,RETAIN,20
20180714-181058:984,RETAIN,20
20180714-180921:799,RETAIN,0
20180714-181245:401,RETAIN,22
20180714-181209:839,RERUN,51
20180714-181224:714,RETAIN,30
20180714-181300:859,RERUN,4
20180714-181730:076,RETAIN,36
20180714-181655:220,RETAIN,19
20180714-180015:946,RETAIN,22
20180714-181332:215,RETAIN,32
20180714-181345:185,RERUN,21
20180714-181956:198,RETAIN,20
20180714-181920:815,RETAIN,3
20180714-182406:666,RETAIN,45
20180714-182404:197,RETAIN,11
20180714-182141:702,RETAIN,22
20180714-182226:723,RERUN,12
20180714-182310:995,RETAIN,10
20180714-182738:325,RETAIN,20
20180714-181419:534,RETAIN,22
20180714-182437:201,RETAIN,23
20180714-182449:494,RERUN,13
20180714-183159:906,RETAIN,11
20180714-183118:443,RETAIN,18
20180714-182850:592,RETAIN,11
20180714-183202:901,RETAIN,16
20180714-183200:740,RERUN,21
20180714-183615:379,RETAIN,23
20180714-183949:979,RETAIN,15
20180714-183434:454,RETAIN,0
20180714-183908:486,RETAIN,28
20180714-183955:851,RETAIN,4
20180714-183633:987,RERUN,16
20180714-183611:555,RETAIN,44
20180714-184510:015,RETAIN,19
20180714-184600:266,RETAIN,2
20180714-182810:738,RETAIN,23
20180714-184237:738,RETAIN,38
20180714-184328:299,RERUN,3
20180714-184753:214,RETAIN,15
20180714-184931:118,RETAIN,76
20180714-184642:424,RETAIN,8
20180714-185218:385,RETAIN,20
20180714-185230:038,RETAIN,23
20180714-184729:775,RERUN,12
20180714-184713:372,RETAIN,7
20180714-185204:213,RERUN,25
20180714-185202:826,RETAIN,10
20180714-185522:347,RETAIN,16
20180714-185819:475,RETAIN,22
20180714-184228:927,RETAIN,32
20180714-190010:788,RETAIN,41
20180714-190100:059,RETAIN,21
20180714-185845:968,RETAIN,2
20180714-185755:751,RERUN,12
20180714-185806:593,RETAIN,27
20180714-190334:848,RETAIN,30
20180714-190141:865,RERUN,9
20180714-190153:103,RETAIN,74
20180714-190557:710,RETAIN,22
20180714-190906:185,RETAIN,21
20180714-190908:932,RETAIN,17
20180714-191155:563,RETAIN,22
20180714-191148:290,RETAIN,60
20180714-185619:156,RETAIN,20
20180714-191015:967,RERUN,4
20180714-190920:841,RETAIN,36
20180714-191419:834,RETAIN,21
20180714-191149:677,RETAIN,24
20180714-190919:652,RETAIN,14
20180714-191705:539,RETAIN,14
20180714-191817:459,RETAIN,27
20180714-192050:155,RETAIN,18
20180714-192144:109,RETAIN,18
20180714-191912:063,RETAIN,17
20180714-192011:926,RETAIN,20
20180714-192131:671,RERUN,32
20180714-192103:346,RETAIN,64
20180714-192416:405,RETAIN,22
20180714-192604:571,RETAIN,10
20180714-192204:439,RETAIN,8
20180714-192756:086,RETAIN,18
20180714-191100:782,RETAIN,21
20180714-192903:137,RETAIN,22
20180714-193232:216,RETAIN,19
20180714-193248:929,RETAIN,12
20180714-192839:539,RETAIN,28
20180714-192958:835,RERUN,18
20180714-193012:454,RERUN,20
20180714-193016:576,RERUN,16
20180714-193523:242,RETAIN,19
20180714-193646:005,RETAIN,23
20180714-193202:932,RETAIN,4
20180714-194018:926,RETAIN,17
20180714-194127:399,RETAIN,19
20180714-193958:702,RETAIN,11
20180714-192529:737,RETAIN,22
20180714-194229:771,RETAIN,22
20180714-194058:031,RETAIN,14
20180714-194132:884,RETAIN,7
20180714-194002:674,RETAIN,12
20180714-194545:633,RETAIN,22
20180714-194751:786,RETAIN,56
20180714-194829:347,RETAIN,14
20180714-194609:033,RETAIN,13
20180714-195055:862,RETAIN,21
20180714-195230:675,RETAIN,20
20180714-195026:245,RETAIN,39
20180714-195100:136,RETAIN,23
20180714-195101:811,RETAIN,33
20180714-194918:375,RETAIN,33
20180714-195544:049,RETAIN,14
20180714-195455:771,RETAIN,17
20180714-193923:020,RETAIN,29
20180714-195830:602,RETAIN,16
20180714-195935:292,RETAIN,46
20180714-195654:901,RERUN,12
20180714-200125:854,RETAIN,8
20180714-195928:741,RETAIN,16
20180714-200258:683,RETAIN,22
20180714-200034:409,RETAIN,28
20180714-200031:536,RERUN,0
20180714-195947:450,RETAIN,6
20180714-200711:714,RETAIN,22
20180714-200806:530,RETAIN,22
20180714-201036:431,RETAIN,22
20180714-200943:802,RETAIN,6
20180714-200825:786,RETAIN,25
20180714-200918:659,RETAIN,23
20180714-200955:096,RETAIN,40
20180714-201009:747,RETAIN,17
20180714-200954:616,RETAIN,12
20180714-195510:201,RETAIN,20
20180714-201456:381,RETAIN,22
20180714-201807:948,RETAIN,26
20180714-201655:157,RETAIN,17
20180714-201823:956,RETAIN,20
20180714-201856:834,RETAIN,28
20180714-201933:506,RETAIN,10
20180714-202354:708,RETAIN,16
20180714-202326:882,RETAIN,16
20180714-201954:632,RETAIN,23
20180714-202101:658,RERUN,20
20180714-201957:649,RETAIN,9
20180714-202405:603,RETAIN,22
20180714-202545:135,RETAIN,21
20180714-201002:591,RETAIN,20
20180714-203014:412,RETAIN,32
20180714-203049:418,RETAIN,21
20180714-203227:080,RETAIN,15
20180714-202838:171,RETAIN,26
20180714-202912:851,RETAIN,4
20180714-202854:357,RETAIN,51
20180714-202732:795,RETAIN,15
20180714-203408:155,RETAIN,22
20180714-203133:888,RETAIN,6
20180714-203918:204,RETAIN,25
20180714-203939:089,RETAIN,22
20180714-203946:900,RETAIN,19
20180714-204006:362,RETAIN,17
20180714-204211:775,RETAIN,21
20180714-204036:641,RETAIN,10
20180714-204036:767,RERUN,12
20180714-203940:149,RETAIN,66
20180714-202522:208,RETAIN,20
20180714-204511:181,RETAIN,14
20180714-204800:217,RETAIN,25
20180714-204656:169,RETAIN,16
20180714-204300:301,RETAIN,7
20180714-204949:864,RETAIN,13
20180714-204847:731,RETAIN,10
20180714-205327:055,RETAIN,14
20180714-204916:579,RETAIN,192
20180714-204854:435,RERUN,24
20180714-204846:205,RETAIN,23
20180714-205517:735,RETAIN,18
20180714-205501:965,RETAIN,20
20180714-205701:523,RETAIN,19
20180714-204051:127,RETAIN,22
20180714-210007:024,RETAIN,10
20180714-205539:153,RERUN,14
20180714-205825:675,RETAIN,34
20180714-210227:003,RETAIN,57
20180714-210303:755,RETAIN,21
20180714-205835:074,RETAIN,32
20180714-210007:520,RERUN,12
20180714-205653:230,RETAIN,104
20180714-210505:621,RETAIN,15
20180714-210708:083,RETAIN,13
20180714-211057:141,RETAIN,21
20180714-211106:018,RETAIN,20
20180714-210906:153,RETAIN,18
20180714-211015:322,RETAIN,9
20180714-210725:460,RETAIN,14
20180714-210859:157,RETAIN,33
20180714-210914:456,RETAIN,10
20180714-205634:548,RETAIN,25
20180714-211449:805,RERUN,28
20180714-211647:725,RETAIN,12
20180714-211912:794,RETAIN,15
20180714-211820:388,RETAIN,22
20180714-211845:052,RERUN,17
20180714-211916:462,RETAIN,10
20180714-212233:004,RETAIN,22
20180714-211919:289,RETAIN,46
20180714-212329:060,RERUN,6
20180714-211913:826,RETAIN,1
20180714-212140:054,RETAIN,21
20180714-212613:469,RETAIN,16
20180714-212628:290,RETAIN,45
20180714-211055:602,RETAIN,38
20180714-212853:699,RETAIN,27
20180714-212957:835,RETAIN,22
20180714-212821:291,RETAIN,15
20180714-212807:036,RETAIN,28
20180714-213336:247,RETAIN,16
20180714-213336:269,RETAIN,24
20180714-213012:004,RERUN,16
20180714-213041:600,RETAIN,6
20180714-212941:036,RETAIN,12
20180714-213846:793,RETAIN,22
20180714-213651:077,RETAIN,18
20180714-214036:194,RETAIN,13
20180714-213939:739,RERUN,14
20180714-213907:716,RETAIN,23
20180714-214226:299,RETAIN,16
20180714-214200:261,RETAIN,18
20180714-212553:690,RETAIN,20
20180714-214148:330,RETAIN,24
20180714-214617:450,RETAIN,21
20180714-214633:504,RETAIN,36
20180714-214708:737,RETAIN,30
20180714-214208:292,RERUN,7
20180714-215044:038,RETAIN,17
20180714-214946:131,RETAIN,18
20180714-214824:007,RERUN,13
20180714-214720:033,RETAIN,24
20180714-215425:790,RETAIN,17
20180714-215057:910,RETAIN,8
20180714-215400:610,RETAIN,28
20180714-215516:158,RETAIN,8
20180714-215811:758,RETAIN,26
20180714-215801:734,RETAIN,12
20180714-214138:016,RETAIN,18
20180714-215707:165,RERUN,7
20180714-215740:359,RETAIN,27
20180714-220124:511,RETAIN,22
20180714-215420:940,RETAIN,10
20180714-220504:348,RETAIN,11
20180714-220314:686,RETAIN,8
20180714-220100:802,RERUN,88
20180714-220617:903,RETAIN,22
20180714-220604:717,RETAIN,22
20180714-220909:444,RETAIN,17
20180714-220826:107,RETAIN,24
20180714-220751:621,RERUN,25
20180714-221114:123,RETAIN,7
20180714-221407:849,RETAIN,19
20180714-221328:612,RETAIN,19
20180714-221153:501,RETAIN,8
20180714-220715:751,RETAIN,10
20180714-221118:554,RETAIN,15
20180714-221641:318,RETAIN,16
20180714-215639:674,RETAIN,19
20180714-221757:474,RETAIN,8
20180714-221643:627,RERUN,17
20180714-221745:901,RETAIN,8
20180714-222113:317,RETAIN,6
20180714-222055:262,RETAIN,22
20180714-222201:320,RETAIN,47
20180714-222216:292,RETAIN,10
20180714-222504:918,RETAIN,16
20180714-222601:073,RETAIN,10
20180714-222136:204,RETAIN,12
20180714-222642:378,RETAIN,12
20180714-222858:523,RETAIN,22
20180714-222922:484,RETAIN,11
20180714-222729:702,RETAIN,8
20180714-223220:021,RETAIN,18
20180714-222602:842,RETAIN,10
20180714-221319:607,RETAIN,54
20180714-223023:031,RETAIN,14
20180714-223218:509,RETAIN,17
20180714-223620:466,RETAIN,18
20180714-223747:646,RETAIN,18
20180714-223515:698,RETAIN,24
20180714-223257:118,RETAIN,12
20180714-223848:349,RETAIN,8
20180714-223802:092,RETAIN,12
20180714-223850:007,RETAIN,26
20180714-223643:034,RERUN,55
20180714-224029:264,RETAIN,20
20180714-224347:121,RETAIN,15
20180714-224428:537,RETAIN,19
20180714-224455:526,RETAIN,50
20180714-224709:744,RETAIN,32
20180714-222854:602,RETAIN,30
20180714-224600:240,RETAIN,11
20180714-224340:059,RETAIN,13
20180714-224805:502,RETAIN,21
20180714-225012:457,RETAIN,11
20180714-224759:787,RETAIN,14
20180714-224725:655,RERUN,15
20180714-225157:792,RETAIN,0
20180714-225331:326,RETAIN,18
20180714-225629:965,RETAIN,22
20180714-225459:791,RETAIN,13
20180714-225541:748,RETAIN,5
20180714-225445:332,RETAIN,0
20180714-225955:992,RETAIN,15
20180714-225700:002,RETAIN,10
20180714-225925:376,RETAIN,24
20180714-230055:590,RETAIN,17
20180714-225654:866,RETAIN,27
20180714-230353:762,RETAIN,20
20180714-230331:281,RETAIN,43
20180714-224437:605,RETAIN,17
20180714-230404:533,RETAIN,9
20180714-230507:922,RETAIN,9
20180714-230822:715,RETAIN,10
20180714-230855:724,RETAIN,22
20180714-230826:003,RETAIN,15
20180714-231149:368,RETAIN,16
20180714-230736:387,RETAIN,27
20180714-230818:525,RETAIN,36
20180714-231144:361,RETAIN,12
20180714-231311:056,RETAIN,8
20180714-231354:344,RETAIN,23
20180714-231618:604,RETAIN,15
20180714-231602:824,RETAIN,19
20180714-231817:914,RETAIN,29
20180714-231928:808,RETAIN,21
20180714-230133:227,RETAIN,19
20180714-232149:258,RETAIN,18
20180714-232104:580,RETAIN,10
20180714-231621:292,RETAIN,19
20180714-231710:519,RERUN,19
20180714-232459:569,RETAIN,20
20180714-232346:623,RETAIN,17
20180714-232353:019,RETAIN,16
20180714-232539:553,RETAIN,37
20180714-232735:344,RETAIN,22
20180714-233210:782,RETAIN,23
20180714-233008:384,RETAIN,14
20180714-233206:761,RETAIN,24
20180714-233434:083,RETAIN,14
20180714-232904:727,RETAIN,22
20180714-232902:779,RETAIN,17
20180714-232921:100,RETAIN,10
20180714-233502:417,RETAIN,19
20180714-233156:672,RETAIN,4
20180714-231703:691,RETAIN,22
20180714-233940:495,RETAIN,22
20180714-234027:407,RETAIN,17
20180714-233825:621,RETAIN,21
20180714-234046:724,RETAIN,14
20180714-234326:202,RETAIN,22
20180714-234153:717,RETAIN,25
20180714-233939:190,RERUN,18
20180714-234038:154,RETAIN,52
20180714-234257:597,RETAIN,0
20180714-234813:649,RETAIN,15
20180714-234641:663,RETAIN,20
20180714-234832:414,RETAIN,16
20180714-234850:282,RETAIN,17
20180714-235035:598,RERUN,18
20180714-233318:130,RETAIN,50
20180714-235115:517,RETAIN,18
20180714-235555:539,RETAIN,21
20180714-235137:383,RETAIN,37
20180714-235539:554,RERUN,25
20180714-235605:801,RETAIN,18
20180714-235100:067,RETAIN,30
20180714-235053:289,RERUN,66
20180714-235930:652,RETAIN,19
20180714-235845:247,RETAIN,15
20180715-000321:306,RETAIN,0
20180714-235759:646,RETAIN,17
20180715-000232:102,RETAIN,10
20180715-000416:432,RETAIN,16
20180715-000150:600,RETAIN,4
20180715-000054:739,RETAIN,9
20180715-000040:485,RETAIN,51
20180715-000724:782,RETAIN,16
20180714-234911:793,RETAIN,22
20180715-001142:610,RETAIN,6
20180715-001130:547,RETAIN,19
20180715-001241:810,RETAIN,15
20180715-000928:808,RERUN,12
20180715-000850:980,RETAIN,10
20180715-001247:071,RETAIN,68
20180715-001532:223,RETAIN,20
20180715-001430:613,RETAIN,14
20180715-001351:868,RETAIN,14
20180715-001727:315,RETAIN,21
20180715-001846:532,RETAIN,23
20180715-002053:907,RETAIN,25
20180715-002142:804,RETAIN,17
20180715-001918:419,RETAIN,14
20180715-001851:341,RETAIN,41
20180715-002317:928,RETAIN,48
20180715-000515:074,RETAIN,22
20180715-002544:608,RETAIN,42
20180715-002747:071,RETAIN,7
20180715-002350:049,RETAIN,2
20180715-002226:129,RERUN,11
20180715-002822:020,RETAIN,15
20180715-003031:193,RETAIN,14
20180715-003130:320,RETAIN,27
20180715-002949:850,RETAIN,6
20180715-003346:450,RETAIN,17
20180715-003000:273,RETAIN,10
20180715-003512:202,RETAIN,22
20180715-003708:087,RETAIN,23
20180715-003426:424,RETAIN,82
20180715-003348:188,RERUN,16
20180715-004033:776,RETAIN,10
20180715-003939:674,RETAIN,17
20180715-002101:124,RETAIN,22
20180715-003933:428,RETAIN,41
20180715-004108:834,RETAIN,44
20180715-004417:056,RETAIN,22
20180715-004055:741,RETAIN,3
20180715-004327:828,RETAIN,6
20180715-004607:199,RETAIN,8
20180715-004352:716,RERUN,7
20180715-004447:570,RETAIN,36
20180715-004817:386,RETAIN,22
20180715-004833:319,RETAIN,18
20180715-005312:701,RETAIN,0
20180715-005507:776,RETAIN,27
20180715-010005:617,RETAIN,20
20180715-010120:899,RETAIN,25
20180715-005844:962,RETAIN,25
20180715-010414:330,RERUN,14
20180715-010414:699,RETAIN,7
20180715-005947:662,RETAIN,2
20180715-010310:776,RETAIN,10
20180715-010443:027,RETAIN,19
20180715-010813:129,RETAIN,6
20180715-010638:266,RETAIN,12
20180715-010830:924,RETAIN,3
20180715-010836:788,RETAIN,17
20180715-010924:546,RETAIN,9
20180715-010936:568,RETAIN,16
20180715-011021:807,RETAIN,57
20180715-005338:977,RETAIN,22
20180715-011212:598,RETAIN,21
20180715-011416:564,RETAIN,10
20180715-011307:615,RETAIN,6
20180715-011608:059,RETAIN,8
20180715-011700:637,RETAIN,10
20180715-011331:963,RETAIN,36
20180715-011734:911,RETAIN,9
20180715-011819:756,RETAIN,45
20180715-012046:769,RETAIN,22
20180715-012120:788,RETAIN,33
20180715-011850:374,RETAIN,0
20180715-012405:848,RETAIN,9
20180715-012228:269,RETAIN,15
20180715-012410:180,RETAIN,22
20180715-012511:424,RETAIN,30
20180715-012551:957,RETAIN,11
20180715-010949:796,RETAIN,23
20180715-012759:832,RETAIN,17
20180715-013100:417,RETAIN,37
20180715-012719:194,RETAIN,15
20180715-012919:262,RETAIN,45
20180715-012914:516,RETAIN,19
20180715-013137:043,RETAIN,15
20180715-013205:446,RETAIN,4
20180715-013635:395,RETAIN,15
20180715-013745:558,RETAIN,7
20180715-013251:514,RERUN,17
20180715-013756:057,RETAIN,11
20180715-013643:536,RETAIN,18
20180715-013444:868,RETAIN,18
20180715-014030:283,RETAIN,21
20180715-013819:794,RETAIN,31
20180715-012426:833,RETAIN,20
20180715-014226:341,RETAIN,8
20180715-014357:092,RETAIN,17
20180715-014507:944,RETAIN,6
20180715-014401:584,RETAIN,24
20180715-014537:368,RETAIN,11
20180715-014738:024,RETAIN,32
20180715-014736:093,RETAIN,31
20180715-014611:919,RERUN,11
20180715-014537:351,RETAIN,20
20180715-015205:174,RETAIN,22
20180715-015245:322,RETAIN,2
20180715-015209:717,RETAIN,0
20180715-015234:201,RETAIN,16
20180715-015535:562,RETAIN,32
20180715-015442:360,RETAIN,13
20180715-014128:806,RETAIN,23
20180715-015929:141,RETAIN,19
20180715-015455:546,RETAIN,28
20180715-015527:391,RETAIN,14
20180715-020128:363,RETAIN,9
20180715-020119:045,RETAIN,14
20180715-020324:248,RETAIN,22
20180715-020217:052,RETAIN,0
20180715-020352:189,RETAIN,20
20180715-020842:325,RETAIN,16
20180715-015617:720,RETAIN,6
20180715-021006:517,RETAIN,13
20180715-021151:828,RETAIN,27
20180715-021231:124,RETAIN,29
20180715-020758:671,RETAIN,24
20180715-020836:661,RETAIN,24
20180715-021251:817,RETAIN,2
20180715-021610:295,RETAIN,22
20180715-021537:966,RETAIN,16
20180715-015713:871,RETAIN,20
20180715-021859:478,RETAIN,7
20180715-021532:138,RETAIN,6
20180715-021945:347,RETAIN,27
20180715-021740:018,RETAIN,16
20180715-021931:278,RETAIN,14
20180715-021923:465,RETAIN,22
20180715-022422:286,RETAIN,22
20180715-022239:629,RETAIN,2
20180715-022641:175,RETAIN,22
20180715-022352:015,RERUN,16
20180715-022527:214,RETAIN,14
20180715-022751:029,RETAIN,18
20180715-022820:712,RETAIN,16
20180715-023131:414,RETAIN,20
20180715-021445:622,RETAIN,17
20180715-023009:481,RETAIN,36
20180715-022925:697,RETAIN,4
20180715-023247:796,RETAIN,9
20180715-023423:772,RETAIN,7
20180715-023711:541,RETAIN,22
20180715-023633:896,RETAIN,57
20180715-023446:212,RERUN,26
20180715-024005:347,RETAIN,18
20180715-023457:983,RETAIN,6
20180715-024055:034,RETAIN,20
20180715-023955:563,RERUN,8
20180715-024542:132,RETAIN,30
20180715-024241:891,RETAIN,0
20180715-024453:927,RETAIN,16
20180715-024512:735,RERUN,9
20180715-024734:512,RETAIN,14
20180715-022923:413,RETAIN,20
20180715-024725:616,RETAIN,19
20180715-024552:623,RETAIN,8
20180715-025248:199,RETAIN,20
20180715-025336:978,RETAIN,8
20180715-024942:946,RETAIN,24
20180715-024931:394,RETAIN,34
20180715-025537:392,RETAIN,22
20180715-025332:150,RETAIN,8
20180715-025345:912,RETAIN,22
20180715-025448:898,RETAIN,3
20180715-030030:903,RETAIN,20
20180715-025522:766,RETAIN,63
20180715-030136:005,RETAIN,17
20180715-030300:762,RETAIN,45
20180715-030138:790,RETAIN,37
20180715-024528:791,RETAIN,22
20180715-030022:222,RETAIN,8
20180715-030357:120,RETAIN,19
20180715-030516:287,RERUN,32
20180715-030839:254,RETAIN,25
20180715-030812:639,RETAIN,5
20180715-030714:427,RETAIN,3
20180715-031059:960,RETAIN,10
20180715-031156:689,RETAIN,38
20180715-031111:245,RETAIN,8
20180715-031147:430,RETAIN,12
20180715-031653:774,RETAIN,48
20180715-031413:664,RETAIN,6
20180715-031559:627,RETAIN,0
20180715-031452:336,RERUN,7
20180715-031616:555,RETAIN,16
20180715-031824:284,RETAIN,8
20180715-031915:808,RETAIN,20
20180715-030057:619,RETAIN,21
20180715-032358:103,RETAIN,17
20180715-032107:494,RETAIN,8
20180715-032125:265,RERUN,24
20180715-032705:392,RETAIN,19
20180715-032412:954,RETAIN,2
20180715-032547:958,RETAIN,8
20180715-032502:590,RETAIN,10
20180715-032546:391,RERUN,4
20180715-033203:135,RETAIN,18
20180715-032559:531,RETAIN,1
20180715-033424:647,RETAIN,22
20180715-033012:212,RETAIN,18
20180715-033413:198,RETAIN,12
20180715-033049:340,RETAIN,27
20180715-031736:900,RETAIN,20
20180715-033419:620,RETAIN,27
20180715-033429:568,RETAIN,13
20180715-033343:884,RETAIN,10
20180715-034003:562,RETAIN,26
20180715-034234:367,RETAIN,8
20180715-033953:553,RERUN,6
20180715-034324:059,RETAIN,12
20180715-034449:463,RETAIN,37
20180715-034142:305,RERUN,7
20180715-034217:501,RETAIN,14
20180715-034822:909,RETAIN,22
20180715-034539:313,RETAIN,10
20180715-034600:546,RETAIN,18
20180715-035012:117,RETAIN,20
20180715-033237:114,RETAIN,21
20180715-035030:348,RETAIN,7
20180715-035002:368,RETAIN,4
20180715-035533:706,RETAIN,22
20180715-035112:321,RETAIN,14
20180715-035142:884,RETAIN,11
20180715-035413:606,RETAIN,1
20180715-035827:792,RETAIN,22
20180715-035501:245,RERUN,14
20180715-035438:118,RETAIN,52
20180715-035947:000,RETAIN,2
20180715-040335:570,RETAIN,11
20180715-040150:801,RETAIN,0
20180715-040613:599,RETAIN,22
20180715-040432:655,RETAIN,0
20180715-040745:950,RETAIN,35
20180715-040300:870,RERUN,9
20180715-040410:179,RETAIN,27
20180715-034825:809,RETAIN,25
20180715-040711:475,RERUN,11
20180715-040627:524,RETAIN,5
20180715-041101:969,RETAIN,34
20180715-041044:734,RETAIN,57
20180715-041446:512,RETAIN,22
20180715-041519:631,RETAIN,4
20180715-041559:487,RETAIN,16
20180715-041247:534,RETAIN,15
20180715-041244:303,RETAIN,58
20180715-041848:768,RETAIN,18
20180715-041613:186,RERUN,20
20180715-041557:423,RETAIN,29
20180715-042232:308,RETAIN,16
20180715-040429:057,RETAIN,23
20180715-042121:925,RETAIN,8
20180715-042545:272,RETAIN,17
20180715-042438:817,RETAIN,26
20180715-042533:699,RETAIN,0
20180715-042442:172,RETAIN,40
20180715-042413:164,RETAIN,27
20180715-043040:342,RETAIN,20
20180715-042631:651,RERUN,51
20180715-042642:068,RETAIN,23
20180715-043248:578,RETAIN,17
20180715-043411:350,RETAIN,24
20180715-043011:770,RETAIN,2
20180715-043511:963,RETAIN,8
20180715-043441:597,RETAIN,102
20180715-043320:309,RERUN,17
20180715-043817:369,RETAIN,16
20180715-042101:390,RETAIN,22
20180715-044210:796,RETAIN,12
20180715-043830:205,RETAIN,26
20180715-043830:243,RERUN,12
20180715-044347:550,RETAIN,15
20180715-044247:355,RETAIN,14
20180715-044637:908,RETAIN,16
20180715-044435:363,RERUN,20
20180715-044531:944,RETAIN,0
20180715-044504:197,RETAIN,16
20180715-044955:877,RETAIN,7
20180715-045201:913,RETAIN,20
20180715-045144:707,RETAIN,7
20180715-044914:095,RETAIN,26
20180715-044929:302,RETAIN,28
20180715-045421:673,RETAIN,22
20180715-045346:707,RETAIN,17
20180715-043810:437,RETAIN,22
20180715-045603:891,RETAIN,8
20180715-045519:267,RETAIN,11
20180715-045537:516,RETAIN,2
20180715-045921:495,RETAIN,20
20180715-050239:527,RETAIN,17
20180715-045913:498,RERUN,11
20180715-045919:209,RETAIN,7
20180715-050008:648,RETAIN,62
20180715-050536:141,RERUN,6
20180715-050614:898,RETAIN,0
20180715-050836:493,RETAIN,19
20180715-050249:734,RETAIN,20
20180715-050441:517,RERUN,9
20180715-051012:459,RETAIN,15
20180715-051107:327,RETAIN,21
20180715-051151:455,RERUN,14
20180715-045345:275,RETAIN,20
20180715-051138:487,RETAIN,0
20180715-051312:101,RERUN,24
20180715-051644:570,RETAIN,17
20180715-051457:430,RETAIN,6
20180715-051534:776,RETAIN,7
20180715-051452:618,RETAIN,8
20180715-051845:544,RETAIN,15
20180715-052116:264,RETAIN,25
20180715-052209:530,RETAIN,0
20180715-052516:447,RETAIN,37
20180715-052027:078,RETAIN,20
20180715-052131:456,RETAIN,13
20180715-052621:197,RETAIN,19
20180715-052515:629,RETAIN,37
20180715-052359:773,RERUN,67
20180715-052456:755,RETAIN,68
20180715-051123:149,RETAIN,18
20180715-053156:525,RETAIN,22
20180715-053113:803,RETAIN,0
20180715-053048:685,RETAIN,32
20180715-053100:538,RETAIN,21
20180715-053417:787,RETAIN,18
20180715-054117:358,RETAIN,0
20180715-053442:194,RETAIN,3
20180715-054025:675,RETAIN,0
20180715-053328:590,RERUN,13
20180715-053403:714,RETAIN,16
20180715-053942:984,RETAIN,68
20180715-054239:498,RERUN,16
20180715-054633:438,RETAIN,10
20180715-054024:327,RETAIN,8
20180715-052817:887,RETAIN,23
20180715-054556:748,RETAIN,8
20180715-054920:984,RETAIN,28
20180715-055139:587,RETAIN,0
20180715-055038:370,RETAIN,0
20180715-054542:170,RERUN,11
20180715-054503:234,RETAIN,22
20180715-055111:480,RETAIN,14
20180715-055656:675,RETAIN,27
20180715-055522:683,RETAIN,0
20180715-055655:467,RETAIN,16
20180715-060300:202,RETAIN,10
20180715-054331:286,RETAIN,91
20180715-055604:094,RETAIN,20
20180715-055539:806,RERUN,26
20180715-060800:805,RETAIN,5
20180715-060507:861,RETAIN,13
20180715-055932:011,RETAIN,4
20180715-060451:750,RETAIN,6
20180715-061258:810,RETAIN,0
20180715-061109:601,RETAIN,6
20180715-060739:983,RERUN,22
20180715-060714:111,RETAIN,24
20180715-061216:651,RETAIN,13
20180715-061801:800,RETAIN,0
20180715-061440:163,RETAIN,5
20180715-055906:636,RETAIN,0
20180715-062306:110,RETAIN,0
20180715-061817:103,RERUN,14
20180715-061809:680,RETAIN,47
20180715-062056:287,RERUN,10
20180715-061938:641,RETAIN,13
20180715-062833:191,RETAIN,18
20180715-062423:629,RETAIN,1
20180715-063340:480,RETAIN,12
20180715-062854:756,RETAIN,18
20180715-062914:415,RETAIN,15
20180715-061417:165,RETAIN,22
20180715-062910:011,RETAIN,23
20180715-063832:645,RETAIN,20
20180715-062928:485,RETAIN,5
20180715-063406:463,RETAIN,46
20180715-064327:493,RETAIN,12
20180715-064029:444,RETAIN,4
20180715-064012:603,RERUN,12
20180715-063927:464,RETAIN,12
20180715-064824:074,RETAIN,0
20180715-064135:776,RETAIN,8
20180715-064410:483,RETAIN,21
20180715-065321:885,RETAIN,12
20180715-063104:451,RETAIN,21
20180715-064949:662,RETAIN,63
20180715-064935:571,RETAIN,30
20180715-064908:851,RERUN,16
20180715-065826:907,RETAIN,4
20180715-065021:904,RETAIN,14
20180715-065416:996,RETAIN,0
20180715-070323:994,RETAIN,0
20180715-070022:798,RETAIN,68
20180715-065939:203,RERUN,19
20180715-070005:881,RETAIN,28
20180715-070813:695,RETAIN,8
20180715-070058:193,RETAIN,8
20180715-070344:567,RETAIN,2
20180715-064728:929,RETAIN,20
20180715-071315:563,RETAIN,15
20180715-071030:316,RETAIN,23
20180715-071109:716,RETAIN,42
20180715-071106:045,RETAIN,26
20180715-071039:638,RERUN,16
20180715-071327:461,RETAIN,4
20180715-071815:160,RETAIN,8
20180715-072444:536,RETAIN,4
20180715-072008:820,RETAIN,5
20180715-070259:389,RETAIN,16
20180715-072247:791,RETAIN,0
20180715-072017:057,RETAIN,36
20180715-072027:498,RERUN,50
20180715-072004:203,RETAIN,18
20180715-073109:218,RETAIN,17
20180715-073008:702,RETAIN,28
20180715-073045:007,RETAIN,9
20180715-073140:322,RETAIN,0
20180715-072922:452,RERUN,45
20180715-072915:442,RETAIN,20
20180715-073744:891,RETAIN,8
20180715-073609:781,RETAIN,22
20180715-073958:435,RETAIN,14
20180715-071920:212,RETAIN,17
20180715-074407:651,RETAIN,10
20180715-074157:921,RETAIN,6
20180715-074055:905,RETAIN,10
20180715-074026:391,RETAIN,30
20180715-074306:902,RETAIN,3
20180715-074611:092,RETAIN,15
20180715-075040:647,RETAIN,8
20180715-075704:345,RETAIN,9
20180715-075032:303,RETAIN,9
20180715-075037:259,RETAIN,8
20180715-075052:469,RERUN,0
20180715-075410:360,RETAIN,24
20180715-073741:316,RETAIN,20
20180715-080346:565,RETAIN,8
20180715-080031:686,RETAIN,22
20180715-080201:071,RETAIN,18
20180715-080032:762,RERUN,4
20180715-080025:639,RETAIN,22
20180715-081022:674,RETAIN,12
20180715-075320:033,RETAIN,20
20180715-081642:745,RETAIN,6
20180715-081230:497,RERUN,9
20180715-081041:905,RETAIN,14
20180715-081156:080,RERUN,18
20180715-081223:254,RETAIN,0
20180715-082304:466,RETAIN,0
20180715-082120:461,RETAIN,14
20180715-082156:549,RETAIN,11
20180715-082928:414,RETAIN,9
20180715-082156:608,RETAIN,15
20180715-082252:915,RERUN,13
20180715-081116:822,RETAIN,22
20180715-083556:147,RETAIN,47
20180715-083124:412,RETAIN,13
20180715-083039:232,RERUN,9
20180715-083146:044,RERUN,16
20180715-083121:310,RETAIN,36
20180715-084238:954,RETAIN,11
20180715-084105:256,RETAIN,8
20180715-084121:877,RETAIN,12
20180715-082612:028,RETAIN,106
20180715-084902:462,RETAIN,12
20180715-084451:719,RETAIN,4
20180715-084358:167,RERUN,9
20180715-085538:159,RETAIN,56
20180715-085134:938,RETAIN,48
20180715-085019:253,RETAIN,48
20180715-085412:503,RERUN,10
20180715-085535:891,RETAIN,0
20180715-090158:102,RETAIN,12
20180715-084349:024,RETAIN,22
20180715-090357:298,RETAIN,0
20180715-090827:058,RETAIN,8
20180715-090036:393,RETAIN,66
20180715-090047:800,RERUN,19
20180715-091339:564,RETAIN,0
20180715-091452:671,RETAIN,16
20180715-091301:001,RETAIN,12
20180715-091232:306,RETAIN,20
20180715-092115:011,RETAIN,14
20180715-085925:266,RETAIN,17
20180715-092742:495,RETAIN,0
20180715-092241:421,RETAIN,8
20180715-092330:986,RERUN,15
20180715-091520:393,RETAIN,22
20180715-093234:175,RETAIN,40
20180715-093211:410,RETAIN,40
20180715-094410:817,RETAIN,33
20180715-094411:473,RETAIN,8
20180715-093149:141,RETAIN,19
20180715-095145:513,RETAIN,33
20180715-095453:157,RETAIN,25
20180715-095910:771,RETAIN,24
20180715-100247:789,RETAIN,0
20180715-094828:436,RETAIN,22
20180715-101046:245,RETAIN,0
20180715-100907:331,RETAIN,0
20180715-100430:458,RETAIN,22
20180715-102110:530,RETAIN,20
20180715-103727:959,RETAIN,37
20180715-105419:826,RETAIN,22
20180715-111118:581,RETAIN,20
20180715-112713:348,RETAIN,27
20180715-114211:961,RETAIN,19
20180715-115944:660,RETAIN,20
20180715-121632:341,RETAIN,21
20180715-123330:258,RETAIN,22
20180715-124927:481,RETAIN,20
20180715-130711:351,RETAIN,13
20180715-132341:762,RETAIN,24
20180715-134343:009,RETAIN,20
20180715-135856:078,RETAIN,19
20180715-141518:403,RETAIN,22
20180715-143103:617,RETAIN,22
20180715-144752:238,RETAIN,106
20180715-150310:788,RETAIN,24
20180715-151926:888,RETAIN,104
20180715-153448:028,RETAIN,19
20180715-155132:159,RETAIN,28
20180715-160814:928,RETAIN,42
20180715-162449:603,RETAIN,22
20180715-164047:986,RETAIN,22
20180715-165813:562,RETAIN,32
20180715-171333:958,RETAIN,22
20180715-173018:435,RETAIN,18
20180715-174605:723,RETAIN,15
20180715-180332:515,RETAIN,22
20180715-181944:451,RETAIN,23
20180715-183535:045,RETAIN,17
20180715-185328:153,RETAIN,22
20180715-191050:820,RETAIN,21
20180715-192610:158,RETAIN,20
20180715-194341:972,RETAIN,17
20180715-195859:356,RETAIN,17
20180715-201601:699,RETAIN,22
20180715-203105:581,RETAIN,22
20180715-204738:896,RETAIN,18
20180715-210405:392,RETAIN,24
20180715-212118:486,RETAIN,24
20180715-213920:625,RETAIN,22
20180715-215545:989,RETAIN,20
20180715-221236:776,RETAIN,82
20180715-223036:119,RETAIN,20
20180715-224702:161,RETAIN,23
20180715-230401:115,RETAIN,17
20180715-231904:226,RETAIN,16
20180715-233510:525,RETAIN,20
20180715-235057:727,RETAIN,20
20180716-000827:647,RETAIN,20
20180716-002401:744,RETAIN,22
20180716-004052:528,RETAIN,22
20180716-005627:633,RETAIN,0
